Food_Name,Calories,Carbohydrates,Sugar,Protein,Fiber,Sodium,Fat,Cholesterol,Food_Category
cream cheese,51,0.8,0.5,0.9,0.0,0.016,5.0,14.6,Dairy
neufchatel cheese,215,3.1,2.7,7.8,0.0,0.3,19.4,62.9,Dairy
ricotta cheese,30,1.5,0.091,1.5,0.0,0.017,2.0,9.8,Dairy
cream cheese low fat,30,1.2,0.9,1.2,0.0,0.046,2.3,8.1,Dairy
cream cheese fat free,19,1.4,1.0,2.8,0.0,0.1,0.2,2.2,Dairy
gruyere cheese,116,0.1,0.1,8.3,0.0,0.2,9.1,30.8,Dairy
cheddar cheese,113,0.9,0.1,6.4,0.0,0.2,9.3,27.7,Dairy
parmesan cheese,71,0.6,0.046,6.4,0.0,0.2,4.5,12.2,Dairy
romano cheese,19,0.2,0.088,1.6,0.0,0.008,1.3,5.2,Dairy
parmesan cheese grated,21,0.7,0.075,1.4,0.0,0.043,1.4,4.3,Dairy
port salut cheese,465,0.8,0.8,31.4,0.0,0.7,37.2,162.4,Dairy
swiss cheese,98,0.4,0.0,6.7,0.0,0.057,7.7,23.3,Dairy
goat cheese hard,128,0.6,0.6,8.6,0.0,0.076,10.1,29.7,Dairy
gouda cheese,100,0.6,0.6,7.0,0.0,0.2,7.7,31.9,Dairy
pepper jack cheese lucerne,75,0.0,0.0,5.0,2.5,0.0,6.0,0.0,Dairy
caraway cheese,106,0.9,0.0,7.1,0.0,0.2,8.3,26.3,Dairy
gjetost cheese,1058,96.8,0.0,21.9,0.0,1.4,67.0,213.4,Dairy
tilsit cheese,136,0.8,0.0,9.8,0.0,0.3,10.4,40.8,Dairy
goat cheese,103,0.009,0.031,6.1,0.0,0.1,8.4,22.4,Dairy
brick cheese,111,0.8,0.2,7.0,0.0,0.2,8.9,28.2,Dairy
asadero cheese,402,3.2,3.2,25.5,0.0,0.7,31.9,118.7,Dairy
camembert cheese,90,0.1,0.1,5.9,0.0,0.3,7.3,21.6,Dairy
provolone cheese reduced fat,310,4.0,0.6,27.9,0.0,1.0,19.9,62.2,Dairy
roquefort cheese,314,1.7,0.0,18.3,0.0,1.5,26.0,76.5,Dairy
queso blanco cheese,366,3.0,2.1,24.0,0.0,0.8,28.7,82.6,Dairy
queso seco cheese,315,2.0,0.5,23.8,0.0,1.8,23.6,75.7,Dairy
goat cheese soft,75,0.0,0.3,5.2,0.0,0.1,6.0,13.0,Dairy
mozzarella cheese,90,0.7,0.0,6.7,0.0,0.1,6.6,23.7,Dairy
chihuahua cheese,494,7.3,7.3,28.5,0.0,0.8,39.2,138.6,Dairy
limburger cheese,98,0.1,0.1,6.0,0.0,0.2,8.2,27.0,Dairy
muenster cheese,486,1.5,1.5,30.9,0.0,0.8,39.7,126.7,Dairy
queso fresco cheese,365,3.6,2.8,22.1,0.0,0.9,29.1,84.2,Dairy
brie cheese,100,0.1,0.1,6.2,0.0,0.2,8.3,30.0,Dairy
pimento cheese,525,2.4,0.9,31.0,0.1,2.0,43.7,131.6,Dairy
mexican cheese,316,3.8,0.6,27.7,0.0,0.9,21.7,69.4,Dairy
feta cheese,80,1.2,0.0,4.3,0.0,0.3,6.4,26.7,Dairy
mozzarella cheese fat free,159,4.0,1.7,35.8,2.0,0.8,0.0,20.3,Dairy
provolone cheese,463,2.8,0.7,33.8,0.0,1.2,35.1,91.1,Dairy
anejo cheese,492,6.1,6.1,28.3,0.0,1.5,39.6,138.6,Dairy
honey,64,17.3,17.2,0.08,0.025,0.011,0.0,0.0,Sweetener
apple butter,35,8.5,7.1,0.045,0.3,0.003,0.063,0.0,Dairy
chocolate hazelnut spread,100,11.5,10.0,1.0,1.0,0.099,5.5,0.0,Beverage
peanut butter,88,3.6,1.0,3.3,0.9,0.085,7.4,0.0,Dairy
chicken spread,88,2.3,0.3,10.1,0.2,0.4,9.8,31.4,Protein
cheese spread,708,8.4,8.4,17.0,0.0,1.2,68.6,216.0,Dairy
orange marmalade,49,13.3,12.0,0.014,0.1,0.016,0.0,0.0,Fruit
american cheese spread,46,1.4,1.2,2.6,0.0,0.3,3.4,8.8,Dairy
apricot jam,48,12.9,8.7,0.1,0.044,0.004,0.01,0.0,Fruit
chunky peanut butter,94,3.5,1.3,3.8,1.3,0.03,8.0,0.0,Dairy
ham and cheese spread,37,0.3,0.0,2.4,0.0,0.2,2.8,9.2,Dairy
chicken and rice casserole homade,27,2.4,0.0,2.0,0.3,0.0,1.0,0.0,Protein
corn tamale,309,44.3,12.3,5.8,5.3,0.5,12.0,0.0,Vegetable
baked potato with cheese sauce bacon,451,44.4,0.0,18.4,0.0,1.0,25.9,29.9,Dairy
chinese egg roll,223,24.3,0.0,7.4,2.3,0.4,10.6,14.2,Protein
butter croissant,231,26.1,6.4,4.7,1.5,0.2,12.0,38.2,Dairy
enchilada with cheese beef,323,30.5,0.0,11.9,0.0,1.3,17.6,40.3,Dairy
corned beef hash with potatoes,387,21.9,0.8,20.6,2.6,1.0,24.2,75.5,Protein
biscuit with egg cheese bacon,436,35.4,2.5,17.4,0.3,1.2,25.3,240.7,Dairy
bagel with ham egg cheese,483,52.4,7.0,26.7,0.4,1.3,18.5,242.6,Dairy
quesadilla with chicken,529,43.3,3.4,27.1,3.1,1.3,27.5,66.6,Protein
corn rice,110,25.2,3.0,1.8,0.4,0.2,0.3,0.0,Vegetable
kung pao chicken,779,41.5,18.3,59.0,9.1,2.4,42.2,157.0,Protein
beef empanada,298,27.8,1.6,10.1,1.8,0.4,16.3,23.1,Protein
frijoles with cheese,225,28.7,0.0,11.4,0.0,0.9,7.8,36.7,Dairy
burrito with beef,285,43.9,4.1,9.1,4.4,0.5,8.1,2.6,Protein
crispy chicken sandwich,350,33.2,3.9,14.8,0.0,0.7,17.6,0.0,Protein
enchilada with cheese,374,21.2,3.6,15.4,2.6,0.7,25.3,57.5,Dairy
pork egg roll,189,25.1,4.5,8.4,1.8,0.3,6.1,11.9,Protein
corn on the cob with butter,155,31.9,0.0,4.5,0.0,0.056,3.4,5.8,Dairy
pancakes with butter syrup,260,45.4,0.0,4.1,0.0,0.6,7.0,29.0,Dairy
burrito with beans,224,35.7,0.0,7.0,0.0,0.5,6.7,2.2,Vegetable
scrambled eggs,100,1.0,0.8,6.5,0.0,0.1,7.6,200.2,Protein
baked potato with sour cream,393,50.0,0.0,6.7,0.0,0.2,22.3,24.2,Dairy
turkey and gravy,161,11.1,0.0,14.1,0.0,1.3,6.3,43.2,Protein
chicken egg roll,158,22.8,4.5,8.4,1.9,0.4,3.6,11.2,Protein
vegetable egg roll,153,25.0,5.3,5.2,2.2,0.4,3.6,0.0,Protein
ham cheese roll,67,1.1,0.0,3.8,0.0,0.3,5.2,16.2,Dairy
biscuit with ham,386,43.8,2.2,13.4,0.8,1.1,18.4,24.9,Protein
lemon chicken,1440,122.0,55.2,68.6,7.0,1.5,74.9,203.8,Protein
croissant with egg cheese,368,24.3,0.0,12.8,0.0,0.6,24.7,215.9,Dairy
enchirito with cheese beef beans,344,33.8,0.0,17.9,0.0,1.3,16.1,50.2,Dairy
sweet sour pork,38,3.3,1.4,1.2,0.1,0.003,2.2,3.4,Protein
crab cake,160,5.1,0.0,11.3,0.2,0.5,10.4,82.2,Protein
egg dinner roll,107,18.2,1.5,3.3,1.3,0.2,2.2,17.5,Protein
english muffin with egg cheese sausage,472,28.8,2.5,22.1,0.3,0.8,29.9,269.0,Dairy
buttermilk pancakes,86,10.9,0.0,2.6,0.0,0.2,3.5,22.0,Dairy
taco with chicken cheese lettuce,185,19.3,1.3,13.0,1.2,0.6,6.2,28.4,Dairy
spinach souffle,230,8.0,2.5,10.7,1.0,0.8,17.6,160.5,Vegetable
english muffin with cheese sausage,365,27.3,2.1,14.3,0.5,0.7,22.3,46.4,Dairy
biscuit with egg,436,35.4,2.5,17.4,0.3,1.2,25.3,240.7,Protein
sweet sour chicken,46,4.4,2.1,1.8,0.2,0.043,2.3,4.9,Protein
burrito with beans beef,460,47.0,5.3,27.8,7.2,1.4,18.0,62.7,Protein
nachos with cinnamon sugar,592,63.4,0.0,7.2,0.0,0.4,36.0,39.2,Sweetener
biscuit with sausage,412,33.3,1.8,10.7,0.4,0.9,27.1,31.1,Protein
chicken sandwich with cheese,632,41.6,0.0,29.4,0.0,1.2,38.8,77.5,Dairy
biscuit with egg steak,410,21.3,0.0,17.9,0.0,0.9,28.4,272.3,Protein
nachos with cheese jalapeno peppers,608,60.1,0.0,16.8,0.0,1.7,34.1,83.6,Dairy
biscuit with egg ham,442,31.4,4.2,20.4,0.8,1.4,27.0,299.5,Protein
mozzarella steak fried,102,7.7,0.7,4.6,0.6,0.2,5.9,10.2,Dairy
blueberry pancakes,84,11.0,0.0,2.3,0.0,0.2,3.5,21.3,Dessert
chimichanga with beef cheese,443,39.3,0.0,20.1,0.0,1.0,23.4,51.2,Dairy
egg cheese sandwich,340,25.9,0.0,15.6,0.0,0.8,19.4,290.5,Dairy
biscuit with egg bacon,458,28.6,3.3,17.0,0.8,1.3,31.1,352.5,Protein
apple croissant,145,21.1,0.0,4.2,1.4,0.2,5.0,17.7,Fruit
refried red beans,336,36.0,0.0,11.7,11.0,0.9,16.1,0.0,Vegetable
chicken sandwich,468,39.1,6.8,30.4,2.6,1.4,20.9,65.5,Protein
fried rice,228,43.4,0.6,6.5,1.5,0.6,3.2,32.2,Grain
turkey pot pie,699,70.3,0.0,25.8,4.4,1.4,34.9,63.5,Protein
cheese croissant,331,37.6,9.1,7.4,2.1,0.3,16.7,45.6,Dairy
chimichanga with beef,425,42.8,0.0,19.6,0.0,0.9,19.7,8.7,Protein
french toast with butter,178,18.0,0.0,5.2,0.0,0.3,9.4,58.1,Dairy
ham egg cheese sandwich,347,30.9,0.0,19.2,0.0,1.0,16.3,246.0,Dairy
english muffin with butter,189,30.4,0.0,4.9,0.0,0.4,5.8,12.6,Dairy
ham cheese sandwich,352,33.3,0.0,20.7,0.0,0.8,15.5,58.4,Dairy
sweet gefilte fish,35,3.1,0.0,3.8,0.0,0.2,0.7,12.6,Protein
poached egg,72,0.4,0.2,6.3,0.0,0.1,4.7,185.0,Protein
tostada with beef cheese,315,22.8,0.0,19.0,0.0,0.9,16.3,40.8,Dairy
tostada with beans cheese,223,26.5,0.0,9.6,0.0,0.5,9.9,30.2,Dairy
pork tamale,247,22.4,0.7,10.4,3.4,0.7,12.8,28.4,Protein
nachos with cheese,274,27.9,1.7,3.5,2.6,0.3,17.2,2.4,Dairy
pulled pork in barbecue sauce,418,46.7,37.8,32.8,3.0,1.7,11.0,87.2,Protein
baked potato with cheese sauce,474,46.5,0.0,14.6,0.0,0.4,28.7,17.8,Dairy
baked beans,310,43.3,0.0,11.1,11.0,0.8,10.3,10.0,Vegetable
taco with beef cheese lettuce,156,13.7,0.6,6.1,2.7,0.3,8.8,19.3,Dairy
burrito with beans cheese beef,165,19.8,0.0,7.3,0.0,0.5,6.6,61.9,Dairy
egg mix,30,0.098,0.091,2.4,0.0,0.012,2.2,81.5,Protein
hushpuppies,512,69.9,3.1,11.7,4.3,1.0,20.5,68.4,Dessert
chicken pot pie,598,57.3,7.2,14.6,3.0,1.2,34.6,51.3,Protein
general tsos chicken,1578,128.3,62.1,69.0,4.8,2.3,87.5,283.6,Protein
burrito with beans cheese,379,57.8,3.2,13.6,7.8,1.0,11.2,9.3,Dairy
biscuit with egg sausage,505,34.1,1.5,18.0,0.3,1.1,33.6,260.8,Protein
chicken chow mein,513,50.1,10.5,40.8,6.0,1.9,16.9,96.6,Protein
caramel custard flan,444,69.7,70.8,13.9,0.0,0.2,12.3,275.4,Dessert
chocolate milk dessert,229,51.6,51.6,5.9,0.0,0.1,1.4,0.0,Dairy
chocolate mousse,338,24.1,22.2,6.2,0.9,0.081,24.0,210.0,Beverage
apple crisp,454,87.0,55.5,4.9,3.9,1.0,9.7,0.0,Fruit
spinach spaghetti cooked,182,36.6,0.0,6.4,0.0,0.061,0.9,0.0,Vegetable
corn pasta cooked,176,39.1,0.0,3.7,6.7,0.0,1.0,0.0,Vegetable
spaghetti with meat sauce,255,43.1,7.4,14.3,5.1,0.7,2.9,17.0,Protein
pasta with meatballs in tomato sauce,273,28.3,7.2,10.6,6.9,0.7,13.0,23.0,Protein
cheese tortellini,332,50.8,1.0,14.6,2.1,0.4,7.8,45.4,Dairy
pasta with sliced franks in tomato sauce,227,32.0,8.0,11.0,4.0,0.7,6.0,22.7,Vegetable
macaroni cheese,310,43.7,3.0,12.6,2.3,0.9,9.4,15.1,Dairy
spinach egg noodles cooked,211,38.8,1.1,8.1,3.7,0.068,2.5,52.8,Protein
cheese lasagna,316,33.6,10.3,15.9,4.1,0.7,13.0,31.6,Dairy
pasta with tomato sauce,176,35.1,10.1,5.6,2.3,1.0,1.8,15.1,Vegetable
spinach pasta cooked,37,7.1,0.0,1.4,0.0,0.004,0.3,9.3,Vegetable
vegetable chicken soup,166,21.1,3.4,12.3,1.0,0.075,4.8,16.9,Protein
bean ham soup,198,33.5,7.8,10.3,9.8,0.5,2.5,4.9,Protein
cream of chicken soup,227,18.0,1.4,6.0,0.0,1.8,14.5,20.2,Dairy
tomato soup canned,139,22.6,16.5,6.3,1.5,0.5,3.3,10.1,Vegetable
egg drop soup,65,10.3,0.2,2.8,1.0,0.9,1.5,55.4,Protein
cream of onion soup,268,31.7,11.1,6.7,1.2,1.9,12.8,36.6,Dairy
chicken broth dry,10,1.1,0.0,0.7,0.0,1.2,0.2,0.6,Protein
vegetable soup with beef broth,162,26.3,4.0,6.0,3.2,1.3,3.8,2.5,Protein
chili with beans canned,287,30.5,3.0,14.6,11.3,1.3,14.1,43.5,Vegetable
beef noodle soup,168,17.9,5.2,9.6,1.5,1.6,6.2,10.0,Protein
chicken mushroom soup,126,15.1,1.0,2.0,4.0,0.8,6.1,10.1,Protein
beef vegetable soup,120,15.4,3.1,8.0,3.0,0.8,2.9,17.5,Protein
split pea soup with ham bacon,189,28.6,0.0,11.6,4.1,1.0,3.1,4.1,Protein
cream of mushroom soup,199,17.1,1.0,3.4,1.8,1.7,13.4,0.0,Dairy
chicken broth soup,78,1.9,0.9,11.1,0.0,1.6,2.6,2.5,Protein
chicken mushroom chowder soup,431,38.3,0.0,16.2,7.5,1.8,23.7,32.3,Protein
chicken dumplings soup,235,14.7,1.4,13.6,1.2,1.8,13.4,80.5,Protein
chicken vegetable soup,148,17.0,3.0,7.1,1.7,1.7,5.6,16.9,Protein
turkey vegetable soup,72,8.6,2.6,3.1,0.5,0.9,3.0,2.4,Protein
beef stock,31,2.9,1.3,4.7,0.0,0.5,0.2,0.0,Protein
mushroom barley soup,186,29.3,0.0,4.6,0.0,1.7,5.5,0.0,Grain
beef mushroom soup,186,15.9,0.0,14.0,0.6,2.2,7.3,15.3,Protein
chicken rice soup,127,13.0,1.4,12.3,1.0,0.9,3.2,12.0,Protein
pepperpot soup,100,9.1,0.0,6.2,0.5,0.9,4.5,9.7,Vegetable
chili beef soup,308,49.6,13.4,13.4,6.6,2.1,6.7,26.3,Protein
chicken soup,174,16.9,2.1,12.4,1.5,0.9,6.5,29.4,Protein
turkey soup,135,14.1,0.0,10.2,0.0,0.9,4.4,9.4,Protein
cheese soup,203,28.0,9.3,2.0,5.5,1.7,9.7,7.4,Dairy
cream of potato soup,186,32.2,3.6,3.8,3.3,1.5,4.7,2.5,Dairy
bean with bacon soup,106,16.4,0.6,5.5,9.0,0.9,2.1,2.7,Protein
fish stock,40,0.0,0.0,5.3,0.0,0.4,1.9,2.3,Protein
split pea soup with ham,381,56.2,0.0,20.7,4.6,1.7,8.9,16.2,Protein
beef broth soup,17,0.01,0.0,2.7,0.0,0.9,0.5,0.0,Protein
lentil soup with ham,139,20.2,0.0,9.3,0.0,1.3,2.8,7.4,Protein
tomato soup,98,22.5,12.2,2.2,1.6,0.6,0.7,0.0,Vegetable
fish broth,39,1.0,0.2,4.9,0.0,0.5,1.5,0.0,Protein
chili without beans canned,283,14.6,0.0,18.1,0.0,0.9,17.0,50.4,Vegetable
tomato vegetable soup,54,9.9,2.4,1.9,0.7,0.3,0.8,0.0,Vegetable
cream of rice coup,127,28.1,0.022,2.2,0.2,0.4,0.2,0.0,Dairy
cream of celery soup,181,17.7,3.4,3.3,1.5,1.3,11.2,27.7,Dairy
chicken gravy,188,12.9,1.9,4.6,1.0,1.0,13.6,4.8,Protein
tomato rice soup,240,44.1,15.2,4.2,3.4,1.6,5.5,2.6,Vegetable
vegetable beef soup,128,9.6,0.0,18.1,4.4,1.1,2.0,8.8,Protein
tomato beef noodle soup,281,42.3,0.0,8.9,3.0,1.8,8.6,7.5,Protein
chicken noodle soup,145,18.4,0.0,7.2,2.7,2.1,4.7,24.2,Protein
chicken bouillon dry,11,0.7,0.7,0.7,0.0,1.0,0.6,0.5,Protein
cream of asparagus soup,174,21.5,1.8,4.6,1.0,1.7,8.2,10.1,Dairy
turkey noodle soup,139,17.3,1.0,7.8,1.5,1.6,4.0,10.1,Protein
cream of shrimp soup,181,16.5,0.0,5.6,0.5,1.7,10.4,32.8,Dairy
bean with pork soup,335,44.1,7.8,15.3,15.3,1.7,11.5,5.2,Protein
chicken broth,12,1.0,0.0,1.0,0.0,0.9,0.5,0.0,Protein
beef broth powder,8,0.6,0.6,0.6,0.0,0.9,0.3,0.4,Protein
chicken stock,86,8.5,3.8,6.0,0.0,0.3,2.9,7.2,Protein
tomato bisque soup,248,47.7,0.0,4.5,2.1,1.8,5.0,10.3,Vegetable
onion soup,113,16.4,6.7,7.5,1.7,1.3,3.5,0.0,Vegetable
chicken gumbo soup,113,16.8,4.9,5.3,4.0,1.7,2.9,7.6,Protein
crab soup,95,12.5,0.0,10.4,2.4,0.6,0.8,41.5,Protein
original chicken sandwich chick fil a,125,0.0,0.0,0.0,0.0,0.0,5.1,0.0,Protein
sausage mcmuffin mcdonalds,383,28.2,2.2,14.6,1.6,0.8,24.2,44.9,Protein
sausage mcgriddles mcdonalds,421,42.2,15.2,11.4,1.4,1.0,24.0,32.4,Protein
crispy chicken drumstick kentucky fried chicken,70,0.0,0.0,10.6,0.0,0.2,3.0,56.2,Protein
chicken crispy drumsticks kentucky fried chicken,156,4.5,0.0,11.8,0.0,0.4,10.1,62.1,Protein
biscuit kentucky fried chicken,185,22.1,1.7,3.8,0.8,0.5,9.1,0.5,Protein
original taco with beef cheese lettuce taco bell,158,13.7,0.6,6.1,2.7,0.3,8.8,19.3,Dairy
chicken crispy wings kentucky fried chicken,148,5.1,0.0,9.2,0.0,0.3,10.1,47.1,Protein
egg white delight mcdonalds,250,0.0,0.0,0.0,0.0,0.0,16.0,0.0,Protein
mcchicken mcdonalds,358,36.6,4.7,13.7,1.7,0.8,17.3,35.4,Protein
nachos supreme taco bell,480,45.0,0.0,14.8,8.0,0.8,26.6,37.1,Snack
crispy chicken wing kentucky fried chicken,104,1.3,0.0,12.6,0.0,0.3,5.3,64.2,Protein
chicken strips burger king,105,7.4,0.0,6.6,0.5,0.3,5.5,15.8,Protein
crispy chicken breast kentucky fried chicken,214,0.4,0.0,38.2,0.0,0.7,6.7,121.8,Protein
sausage biscuit mcdonalds,440,31.8,2.3,11.3,1.4,1.0,29.7,33.9,Protein
sausage burrito mcdonalds,339,24.2,1.4,13.0,1.2,0.8,17.1,172.9,Protein
onion rings fried,27,2.8,0.4,0.3,0.2,0.015,1.6,0.0,Vegetable
onion rings burger king,379,39.7,4.9,3.5,2.5,0.7,23.0,0.0,Vegetable
turkey patty fried,79,4.4,0.053,3.9,0.1,0.2,5.0,21.0,Protein
hotcakes with syrup mcdonalds,601,101.8,45.5,9.0,2.0,0.6,17.8,19.9,Sweetener
crispy chicken thigh kentucky fried chicken,163,0.0,0.0,20.4,0.0,0.5,9.1,107.4,Protein
corn dog,195,21.0,5.9,6.7,0.8,0.5,9.4,34.3,Vegetable
chicken box mcdonalds,70,5.5,0.5,0.2,0.0,0.0,4.0,0.0,Protein
potato wedges kentucky fried chicken,379,45.0,0.0,5.4,4.2,1.0,19.8,0.0,Protein
scrambled eggs mcdonalds,98,0.9,0.1,7.7,0.0,0.04,7.5,217.8,Protein
egg mcmuffin mcdonalds,287,27.3,2.7,17.2,1.4,0.8,12.2,207.9,Protein
nachos taco bell,362,36.0,0.0,5.1,3.8,0.5,21.9,4.0,Snack
crispy chicken strips kentucky fried chicken,129,6.4,0.0,9.5,0.7,0.4,7.2,24.0,Protein
hotcakes mcdonalds,113,19.0,4.4,3.0,0.7,0.2,2.9,6.4,Dessert
chicken crispy breast kentucky fried chicken,375,11.9,0.0,29.7,0.0,0.8,23.2,106.4,Protein
hotcakes sausage mcdonalds,776,102.4,45.7,15.5,2.1,0.9,34.9,50.2,Protein
chicken mcnuggets mcdonalds,48,2.4,0.025,2.5,0.0,0.009,3.2,7.0,Protein
chips chipotle,151,2.1,2.1,0.2,0.0,0.0,7.1,0.0,Snack
rice bowl with chicken,36,6.4,1.2,1.6,0.2,0.064,0.4,4.5,Protein
spaghetti with meatballs,200,22.9,5.8,8.7,5.4,0.6,8.2,14.0,Protein
meat ravioli canned,259,36.0,6.3,8.9,4.2,0.9,8.9,13.1,Protein
cheese ravioli canned,186,33.0,9.0,6.0,3.1,0.7,3.5,7.3,Dairy
premium crispy chicken ranch blt sandwich mcdonalds,586,59.8,13.3,35.3,3.4,1.2,22.9,72.0,Protein
steak sandwich,459,52.0,0.0,30.3,0.0,0.8,14.1,73.4,Protein
cheeseburger burger king,380,31.5,6.0,19.4,3.7,0.8,19.7,59.9,Dairy
cheeseburger mcdonalds,313,33.1,7.4,15.4,1.3,0.7,14.0,41.7,Dairy
double cheeseburger,643,41.0,9.5,37.0,2.1,0.9,36.9,114.0,Dairy
double hamburger,942,51.4,13.2,52.1,5.2,1.1,58.6,172.0,Protein
premium grilled chicken classic sandwich mcdonalds,366,44.6,10.0,28.3,2.8,0.8,8.6,68.0,Protein
big n tasty with cheese mcdonalds,573,39.7,9.5,27.2,3.2,1.0,36.0,91.4,Dairy
premium grilled chicken club sandwich mcdonalds,493,44.3,6.4,38.3,2.7,1.0,18.0,102.6,Protein
premium crispy chicken classic sandwich mcdonalds,524,58.6,12.4,27.8,3.2,1.0,20.0,59.8,Protein
veggie burger,124,10.0,0.7,11.0,3.4,0.4,4.4,3.5,Protein
quarter pounder with cheese mcdonalds,513,39.7,9.8,29.0,2.8,1.2,28.3,93.5,Dairy
beef sandwich steak raw,173,0.0,0.0,9.2,0.0,0.043,15.1,39.8,Protein
cheeseburger,292,28.7,5.9,15.0,1.6,0.6,13.2,41.4,Dairy
premium grilled chicken ranch blt sandwich mcdonalds,412,44.3,10.5,33.7,2.8,1.0,10.9,76.8,Protein
double whopper with cheese burger king,1061,53.9,14.4,57.7,6.4,1.5,68.1,187.5,Dairy
filet o fish mcdonalds,378,35.4,4.9,15.1,1.9,0.6,19.6,42.9,Protein
hand breaded chicken tenders carls jr,57,0.2,0.0,0.0,0.0,0.0,2.9,0.0,Protein
grilled chicken sandwich wendys,370,0.0,0.0,0.0,0.0,0.0,8.0,0.0,Protein
sandwich with roast beef,410,44.3,0.0,28.6,0.0,0.8,13.0,73.4,Protein
hamburger burger king,258,26.5,5.5,14.7,2.0,0.5,10.4,34.7,Protein
roast beef sandwich,364,33.1,5.7,22.6,1.9,1.0,15.3,44.7,Protein
roast beef sandwich with cheese,473,45.4,0.0,32.2,0.0,1.6,18.0,77.4,Dairy
hamburger,255,28.7,5.8,12.9,1.7,0.5,9.9,28.1,Protein
premium fish sandwich burger king,572,58.7,7.8,22.6,2.0,1.3,27.4,68.2,Protein
sandwich with tuna salad,584,55.4,0.0,29.7,0.0,1.3,28.0,48.6,Protein
original chicken sandwich burger king,569,52.2,6.0,24.2,4.8,1.3,29.2,61.7,Protein
premium crispy chicken club sandwich mcdonalds,635,57.4,12.7,39.1,3.0,1.2,29.9,96.5,Protein
hamburger mcdonalds,251,28.8,5.7,12.3,1.2,0.5,9.6,25.7,Protein
pepperoni pizza dominos,308,36.0,4.2,12.7,2.4,0.7,12.6,28.3,Vegetable
sausage pizza,325,35.5,3.9,13.3,2.7,0.7,14.3,26.7,Protein
pepperoni pizza,313,35.5,3.6,13.0,2.6,0.8,13.2,27.8,Vegetable
pepperoni pizza pizza hut,269,30.3,3.5,12.3,1.6,0.8,10.9,25.0,Vegetable
cheese pizza pizza hut,260,30.0,3.2,11.5,1.7,0.7,10.5,23.0,Dairy
cheese pizza,285,35.7,3.8,12.2,2.5,0.6,10.4,18.2,Dairy
cheese pizza dominos,278,35.9,4.3,11.7,2.4,0.6,9.7,18.4,Dairy
meat vegetable pizza,332,34.5,5.1,15.0,3.0,0.8,14.8,36.7,Protein
whitefish cooked,265,0.0,0.0,37.7,0.0,0.1,11.6,118.6,Protein
wolffish cooked,293,0.0,0.0,53.4,0.0,0.3,7.3,140.4,Protein
skipjack tuna cooked,407,0.0,0.0,86.9,0.0,0.1,4.0,184.8,Protein
salmon cooked,733,0.0,0.0,78.7,0.0,0.2,44.0,224.3,Protein
chum salmon cooked,474,0.0,0.0,79.5,0.0,0.2,14.9,292.6,Protein
swordfish raw,196,0.0,0.0,26.7,0.0,0.1,9.0,89.8,Protein
fish sandwich with cheese,374,35.4,4.9,15.1,0.0,0.6,19.6,49.6,Dairy
jellyfish dried,21,0.0,0.0,3.2,0.0,5.6,0.8,2.9,Protein
orange roughy cooked,30,0.0,0.0,6.4,0.0,0.079,0.3,22.6,Fruit
fish sandwich,565,58.7,7.8,22.6,0.0,1.3,27.4,77.0,Protein
cuttlefish cooked,45,0.5,0.0,9.2,0.0,0.2,0.4,63.4,Protein
pumpkin seed sunfish raw,43,0.0,0.0,9.3,0.0,0.06,0.3,32.2,Protein
drum raw,236,0.0,0.0,34.7,0.0,0.1,9.8,126.7,Beverage
pumpkin seed sunfish cooked,42,0.0,0.0,9.2,0.0,0.046,0.3,31.8,Protein
wolffish raw,294,0.0,0.0,53.6,0.0,0.3,7.3,140.8,Protein
bluefin tuna cooked,276,0.0,0.0,44.9,0.0,0.02,9.4,73.5,Protein
bluefish raw,186,0.0,0.0,30.1,0.0,0.028,6.4,88.5,Protein
chinook salmon raw,709,0.0,0.0,78.9,0.0,0.2,41.3,198.0,Protein
rockfish raw,172,0.0,0.0,35.1,0.0,0.1,2.6,95.5,Protein
tilefish raw,371,0.0,0.0,67.6,0.0,0.2,8.9,193.0,Protein
sablefish cooked,755,0.0,0.0,51.9,0.0,0.2,59.3,190.3,Protein
tuna salad,383,19.3,0.0,32.9,0.0,0.8,19.0,26.7,Protein
coho salmon cooked,255,0.0,0.0,34.7,0.0,0.06,11.8,90.1,Protein
pink salmon cooked,349,0.0,0.0,56.0,0.0,0.2,12.0,125.4,Protein
sockeye salmon cooked,493,0.0,0.0,82.1,0.0,0.3,17.3,189.1,Protein
whitefish raw,265,0.0,0.0,37.8,0.0,0.1,11.6,118.8,Protein
salmon raw,824,0.0,0.0,80.9,0.0,0.2,53.1,217.8,Protein
chinook salmon cooked,711,0.0,0.0,79.2,0.0,0.2,41.2,261.8,Protein
chum salmon raw,3,0.0,0.0,0.6,0.0,0.029,0.1,2.1,Protein
butterfish raw,47,0.0,0.0,5.5,0.0,0.072,2.6,20.8,Dairy
fish fillet fried,211,15.4,0.0,13.3,0.5,0.5,11.2,30.9,Protein
monkfish raw,22,0.0,0.0,4.1,0.0,0.059,0.4,7.1,Protein
dolphinfish cooked,173,0.0,0.0,37.7,0.0,0.2,1.4,149.5,Protein
crayfish cooked,25,0.0,0.0,5.0,0.0,0.058,0.4,38.8,Protein
dolphinfish raw,173,0.0,0.0,37.7,0.0,0.2,1.4,148.9,Protein
bluefin tuna raw,41,0.0,0.0,6.6,0.0,0.013,1.4,10.8,Protein
milkfish cooked,54,0.0,0.0,7.4,0.0,0.076,2.4,19.0,Dairy
orange roughy raw,22,0.0,0.0,4.6,0.0,0.063,0.2,17.0,Fruit
catfish fried,199,7.0,0.0,15.7,0.6,0.2,11.6,61.8,Protein
cuttlefish raw,22,0.2,0.0,4.6,0.0,0.1,0.2,31.7,Protein
milkfish raw,42,0.0,0.0,5.8,0.0,0.098,1.9,14.7,Dairy
catfish raw,189,0.0,0.0,24.2,0.0,0.2,9.4,87.5,Protein
fish sticks,78,6.1,0.5,3.1,0.4,0.1,4.5,7.8,Protein
coho salmon raw,254,0.0,0.0,33.8,0.0,0.054,12.2,81.1,Protein
monkfish cooked,27,0.0,0.0,5.3,0.0,0.004,0.6,9.1,Protein
yellowfin tuna cooked,37,0.0,0.0,8.2,0.0,0.011,0.2,13.3,Protein
sablefish raw,753,0.0,0.0,51.8,0.0,0.2,59.1,189.1,Protein
salmon nuggets,60,4.0,0.0,3.6,0.0,0.005,3.3,7.4,Protein
butterfish cooked,47,0.0,0.0,5.5,0.0,0.042,2.6,20.8,Dairy
catfish cooked,206,0.0,0.0,26.4,0.0,0.2,10.3,94.4,Protein
pink salmon raw,404,0.0,0.0,65.2,0.0,0.2,14.0,146.3,Protein
yellowfin tuna raw,31,0.0,0.0,6.9,0.0,0.049,0.1,11.0,Protein
drum cooked,236,0.0,0.0,34.6,0.0,0.1,9.7,126.3,Beverage
crayfish raw,3,0.0,0.0,0.6,0.0,0.024,0.048,4.3,Protein
tilefish cooked,441,0.0,0.0,73.5,0.0,0.2,14.1,192.0,Protein
bluefish cooked,186,0.0,0.0,30.1,0.0,0.045,6.4,88.9,Protein
rockfish cooked,162,0.0,0.0,33.1,0.0,0.1,2.4,90.9,Protein
sockeye salmon raw,562,0.0,0.0,84.4,0.0,0.4,22.2,209.9,Protein
swordfish cooked,182,0.0,0.0,24.9,0.0,0.1,8.4,82.7,Protein
sardine canned in oil,310,0.0,0.0,36.7,0.0,0.5,17.1,211.6,Oil
anchovy canned in oil,8,0.0,0.0,1.2,0.0,0.1,0.4,3.4,Oil
salmon canned,520,0.0,0.0,79.1,0.0,1.8,20.3,143.9,Protein
sardines in tomato sauce canned,165,0.5,0.4,18.6,0.009,0.4,9.3,54.3,Vegetable
sockeye salmon canned,563,0.0,0.0,79.5,0.0,1.4,24.9,266.2,Protein
tuna canned,102,0.0,0.0,18.9,0.0,0.3,2.4,33.6,Protein
pink salmon canned,530,0.0,0.0,80.9,0.0,1.7,20.4,226.1,Protein
chum salmon canned,520,0.0,0.0,79.1,0.0,0.3,20.3,143.9,Protein
tuna canned in oil,331,0.0,0.0,47.2,0.0,0.7,14.4,55.2,Protein
wild pink salmon oceans,320,0.0,0.0,0.0,0.0,0.0,16.0,0.0,Protein
shrimp canned,128,0.0,0.0,26.1,0.0,1.1,1.7,322.6,Protein
alaska king crab raw,144,0.0,0.0,31.5,0.0,1.4,1.0,72.2,Protein
shrimp cooked,7,0.013,0.0,1.3,0.0,0.012,0.092,11.6,Protein
alaska king crab cooked,130,0.0,0.0,25.9,0.0,1.4,2.1,71.0,Protein
queen crab raw,25,0.0,0.0,5.2,0.0,0.2,0.3,15.6,Protein
spiny lobster cooked,233,5.1,0.0,43.0,0.0,0.4,3.2,146.7,Protein
queen crab cooked,98,0.0,0.0,20.2,0.0,0.6,1.3,60.4,Protein
dungeness crab cooked,140,1.2,0.0,28.3,0.0,0.5,1.6,96.5,Protein
dungeness crab raw,140,1.2,0.0,28.4,0.0,0.5,1.6,96.2,Protein
shrimp fried,52,4.8,0.086,1.3,0.1,0.2,3.2,9.9,Protein
shrimp raw,4,0.041,0.0,0.7,0.0,0.083,0.023,6.3,Protein
blue crab cooked,71,0.0,0.0,15.2,0.0,0.3,0.6,82.5,Protein
shrimp imitation,29,2.6,0.0,3.5,0.0,0.2,0.4,10.2,Protein
lobster raw,116,0.0,0.0,24.8,0.0,0.6,1.1,190.5,Protein
blue crab raw,18,0.018,0.0,3.8,0.0,0.079,0.2,16.4,Protein
spiny lobster raw,234,5.1,0.0,43.1,0.0,0.4,3.2,146.3,Protein
lobster cooked,134,0.0,0.0,28.5,0.0,0.7,1.3,219.0,Protein
chinook salmon smoked,159,0.0,0.0,24.9,0.0,1.1,5.9,31.3,Protein
whitefish smoked,147,0.0,0.0,31.8,0.0,1.4,1.3,44.9,Protein
red salmon sockeye filets smoked,373,0.0,0.0,65.5,0.0,0.065,12.3,167.4,Protein
eggnog,224,20.4,20.4,11.6,0.0,0.1,10.6,149.9,Protein
beer light,96,5.4,0.3,0.8,0.0,0.095,0.0,0.0,Beverage
beer budweiser,12,0.9,0.0,0.1,0.0,0.095,0.0,0.0,Beverage
beer light budweiser,9,0.4,0.0,0.066,0.0,0.016,0.0,0.0,Beverage
beer,142,11.7,0.0,1.5,0.0,0.067,0.0,0.0,Beverage
root beer,202,52.3,52.3,0.0,0.0,0.068,0.0,0.0,Beverage
whiskey sour mix,26,6.3,6.3,0.051,0.0,0.073,0.072,0.0,Beverage
whiskey sour,158,13.9,0.0,0.0,0.0,0.067,0.0,0.0,Beverage
pina colada,245,32.0,31.5,0.6,0.4,0.089,2.7,0.0,Beverage
whiskey,58,0.1,0.078,0.0,0.0,0.0,0.0,0.0,Beverage
rum,49,0.0,0.0,0.0,0.0,0.053,0.0,0.0,Beverage
vodka smirnoff,13,2.0,0.082,0.0,0.0,0.0,0.4,0.0,Beverage
dessert wine sweet,165,14.1,8.0,0.2,0.0,0.047,0.0,0.0,Beverage
chenin blanc white wine,118,4.9,0.0,0.1,0.0,0.0,0.0,0.0,Beverage
gamay red wine,115,3.5,0.0,0.1,14.4,0.0,0.0,0.0,Beverage
late harvest white wine,172,20.6,0.0,0.1,13.1,0.0,0.0,0.0,Beverage
gewurztraminer white wine,119,3.8,0.0,0.1,0.0,0.0,0.0,0.0,Beverage
burgundy red wine,172,7.4,0.0,0.1,0.0,0.0,0.0,0.0,Beverage
zinfandel red wine,129,4.2,0.0,0.1,0.0,0.0,0.0,0.0,Beverage
muller thurgau white wine,112,5.2,0.0,0.1,13.3,0.0,0.0,0.0,Beverage
mouvedre red wine,129,3.9,0.0,0.1,16.5,0.0,0.0,0.0,Beverage
table wine,123,4.0,1.2,0.1,0.0,0.087,0.0,0.0,Beverage
wine light,73,1.7,1.7,0.1,0.0,0.046,0.0,0.0,Beverage
white wine,121,3.8,1.4,0.1,0.0,0.098,0.0,0.0,Beverage
petite sirah red wine,125,3.9,0.0,0.1,15.7,0.0,0.0,0.0,Beverage
non alcoholic wine,2,0.3,0.3,0.1,0.0,0.095,0.0,0.0,Beverage
pinot noir red wine,121,3.4,0.0,0.1,0.0,0.0,0.0,0.0,Beverage
pinot gris grigio white wine,122,3.0,0.0,0.1,0.0,0.0,0.0,0.0,Beverage
riesling white wine,118,5.5,0.0,0.1,0.0,0.0,0.0,0.0,Beverage
barbera red wine,170,5.6,0.0,0.1,0.0,0.0,0.0,0.0,Beverage
lemberger red wine,118,3.6,0.0,0.1,15.0,0.0,0.0,0.0,Beverage
merlot red wine,122,3.7,0.9,0.1,0.0,0.011,0.0,0.0,Beverage
sangiovese red wine,126,3.9,0.0,0.1,0.0,0.0,0.0,0.0,Beverage
sauvignon blanc white wine,119,3.0,0.0,0.1,0.0,0.0,0.0,0.0,Beverage
syrah red wine,122,3.8,0.0,0.1,0.0,0.0,0.0,0.0,Beverage
carignane red wine,370,12.0,0.0,0.4,0.0,0.0,0.0,0.0,Beverage
pinot blanc white wine,119,2.9,0.0,0.1,0.0,0.0,0.0,0.0,Beverage
semillon white wine,121,4.6,0.0,0.1,14.9,0.0,0.0,0.0,Beverage
dessert wine dry,760,58.4,5.5,1.0,76.5,0.0,0.0,0.0,Beverage
red wine,125,3.8,0.9,0.1,0.0,0.027,0.0,0.0,Beverage
cabernet sauvignon red wine,166,5.2,0.0,0.1,0.0,0.0,0.0,0.0,Beverage
muscat white wine,123,7.8,0.0,0.1,0.0,0.0,0.0,0.0,Beverage
cooking wine,2,0.3,0.09,0.028,0.0,0.002,0.0,0.0,Beverage
chardonnay white wine,168,4.3,1.9,0.1,0.0,0.027,0.0,0.0,Beverage
claret red wine,122,4.4,0.0,0.1,15.0,0.0,0.0,0.0,Beverage
rice sake,197,7.4,0.0,0.7,0.0,0.046,0.0,0.0,Grain
fume blanc white wine,121,3.3,0.0,0.1,15.4,0.0,0.0,0.0,Beverage
cabarnet franc red wine,122,3.6,0.0,0.1,0.0,0.0,0.0,0.0,Beverage
chocolate frosting,81,13.0,11.8,0.2,0.2,0.025,3.6,0.0,Beverage
white sugar,19,5.0,4.9,0.0,0.0,0.012,0.0,0.0,Sweetener
egg substitute,115,4.8,4.8,24.0,0.0,0.5,0.0,0.0,Protein
agave syrup,21,5.3,4.7,0.025,0.01,0.09,0.081,0.0,Sweetener
splenda sweetener,336,91.2,80.3,0.0,0.0,0.0,0.0,0.0,Sweetener
egg yolk dried,27,0.054,0.002,1.3,0.0,0.071,2.3,92.3,Protein
granulated sugar,16,4.2,4.2,0.0,0.0,0.019,0.0,0.0,Sweetener
baking chocolate,145,8.7,0.3,3.7,4.8,0.049,15.2,0.0,Beverage
brown sugar,16,4.1,4.1,0.024,0.0,0.094,0.0,0.0,Sweetener
maple sugar,42,10.9,10.2,0.036,0.0,0.031,0.061,0.0,Sweetener
fructose sweetener,15,4.2,3.9,0.0,0.0,0.013,0.0,0.0,Sweetener
saccharin sweetener,360,89.1,85.2,0.9,0.0,0.4,0.0,0.0,Sweetener
egg white raw,17,0.2,0.2,3.6,0.0,0.038,0.063,0.0,Protein
turbinado sugar,18,4.6,4.6,0.0,0.0,0.008,0.0,0.0,Sweetener
aspartame sweetener,365,89.1,80.7,2.2,0.0,0.0,0.0,0.0,Sweetener
egg raw,80,0.4,0.2,7.0,0.0,0.08,5.3,208.3,Protein
pineapple topping,860,225.8,71.4,0.3,1.4,0.1,0.3,0.0,Fruit
egg white dried,26,0.3,0.0,5.8,0.0,0.052,0.087,0.0,Protein
egg yolk raw,55,0.6,0.08,2.7,0.0,0.006,4.5,184.5,Protein
baking soda,0,0.0,0.0,0.0,0.0,1.3,0.0,0.0,Beverage
egg dried,30,0.047,0.05,2.4,0.0,0.06,2.2,81.5,Protein
strawberry topping,53,13.9,5.7,0.014,0.1,0.099,0.096,0.0,Fruit
almond paste,1040,108.5,82.3,20.4,10.9,0.051,63.0,0.0,Nuts
cream of tartar,8,1.8,0.0,0.0,0.01,0.009,0.0,0.0,Dairy
egg substitute powder,126,6.2,6.2,15.7,0.0,0.2,3.7,161.9,Protein
tapioca pearls,544,134.8,5.1,0.3,1.4,0.077,0.093,0.0,Fruit
egg boiled,93,0.7,0.7,7.5,0.0,0.042,6.4,223.8,Protein
millet flour,444,86.9,2.0,12.8,4.2,0.056,5.1,0.0,Grain
triticale flour,439,95.1,0.0,17.1,19.0,0.096,2.4,0.0,Grain
corn flour white,414,87.3,1.8,9.6,7.3,0.036,4.2,0.0,Vegetable
rice flour brown,574,120.8,1.3,11.4,7.3,0.039,4.4,0.0,Grain
sorghum flour,437,93.7,2.3,9.5,8.0,0.023,4.0,0.0,Grain
cornmeal whole grain,442,93.8,0.8,9.9,8.9,0.022,4.4,0.0,Vegetable
cornmeal white,581,124.7,2.5,11.2,6.1,0.094,2.7,0.0,Vegetable
barley flour,511,110.3,1.2,15.5,14.9,0.062,2.4,0.0,Grain
sesame flour,658,33.3,0.0,38.5,0.0,0.041,46.4,0.0,Grain
whole grain wheat flour,408,86.4,0.5,15.9,12.8,0.027,3.0,0.0,Grain
corn flour yellow,422,89.9,0.7,8.1,8.5,0.04,4.5,0.0,Vegetable
corn flour whole grain,422,89.9,0.7,8.1,8.5,0.033,4.5,0.0,Vegetable
cottonseed flour low fat,94,10.2,0.0,14.1,0.0,0.022,0.4,0.0,Grain
sunflower seed flour,13,1.4,0.0,1.9,0.2,0.073,0.013,0.0,Grain
acorn flour,626,68.3,0.0,9.4,0.0,0.0,37.7,0.0,Vegetable
rice flour white,578,126.6,0.2,9.4,3.8,0.0,2.2,0.0,Grain
sesame flour low fat,94,10.0,0.0,14.2,0.0,0.072,0.5,0.0,Grain
potato flour,571,133.0,5.6,11.0,9.4,0.042,0.5,0.0,Grain
cornmeal yellow,581,124.7,2.5,11.2,6.1,0.011,2.7,0.0,Vegetable
rye flour,364,78.2,0.9,10.0,8.2,0.061,1.4,0.0,Grain
arrowroot flour,457,112.8,0.0,0.4,4.4,0.002,0.1,0.0,Grain
chickpea flour,356,53.2,10.0,20.6,9.9,0.05,6.2,0.0,Grain
wheat flour,455,95.4,0.3,12.9,3.4,0.061,1.2,0.0,Grain
cornstarch,488,116.8,0.0,0.3,1.2,0.093,0.03,0.0,Vegetable
carob flour,13,5.3,2.9,0.3,2.4,0.033,0.061,0.0,Grain
buckwheat flour,402,84.7,3.1,15.1,12.0,0.033,3.7,0.0,Grain
pecan pie,503,63.7,0.0,6.0,0.0,0.3,27.1,106.1,Dessert
apple pie,331,46.4,0.0,3.0,0.0,0.3,15.6,0.0,Dessert
vanilla wafer pie crust,935,88.4,12.9,6.5,0.2,0.9,63.7,68.6,Dessert
chocolate pie crust,881,117.4,47.9,11.1,4.9,0.9,40.8,0.0,Beverage
apple strudel,195,29.2,18.3,2.3,1.6,0.02,8.0,4.3,Fruit
chocolate snack cake,200,30.2,18.9,1.8,1.6,0.2,8.0,0.0,Beverage
fruit fried pie,404,54.5,27.4,3.8,3.3,0.4,20.6,0.0,Dessert
pumpkin pie,316,40.9,0.0,7.0,0.0,0.3,14.4,65.1,Vegetable
corn cake,35,7.5,2.1,0.7,0.2,0.01,0.2,0.0,Vegetable
sponge snack cake,157,26.9,15.7,1.5,0.4,0.2,4.8,17.2,Dessert
chocolate cream pie,301,33.3,0.0,2.6,2.0,0.1,19.2,5.0,Dairy
angel food cake,72,16.2,0.0,1.7,0.4,0.2,0.2,0.0,Dessert
lemon meringue pie,362,49.7,0.0,4.8,0.0,0.3,16.4,67.3,Dessert
cinnamon coffeecake,238,26.6,0.0,3.9,1.1,0.2,13.3,18.2,Dessert
cheesecake,257,20.4,17.4,4.4,0.3,0.4,18.0,44.0,Dairy
fruitcake,139,26.5,11.8,1.2,1.6,0.013,3.9,2.2,Dessert
egg custard,293,31.0,31.0,14.2,0.0,0.2,12.9,236.9,Protein
mince pie,477,79.2,46.7,4.3,4.3,0.4,17.8,0.0,Dessert
yellow cake with chocolate frosting,546,79.7,56.5,4.6,2.2,0.4,25.6,23.0,Beverage
white cake with coconut frosting,399,70.8,64.3,4.9,1.1,0.3,11.5,1.1,Dessert
danish pastry with cheese,353,28.7,0.0,5.8,0.0,0.3,24.6,20.0,Dairy
graham cracker pie crust,917,117.7,33.2,9.3,3.5,0.9,45.4,0.0,Protein
blueberry pie,360,49.2,0.0,4.0,0.0,0.3,17.5,0.0,Dessert
yellow cake with vanilla frosting,239,37.6,0.0,2.2,0.2,0.2,9.3,35.2,Dessert
pie crust,121,10.9,0.045,1.5,0.4,0.1,8.0,0.0,Dessert
chocolate cake with chocolate frosting,537,72.9,55.1,4.8,3.0,0.5,27.7,30.4,Beverage
cheese coffeecake,258,33.7,0.0,5.3,0.8,0.3,11.6,64.6,Dairy
vanilla cream pie,350,41.1,16.0,6.0,0.8,0.3,18.1,78.1,Dairy
pineapple cake,367,58.1,0.0,4.0,0.9,0.4,13.9,25.3,Dessert
peach pie,262,38.5,19.0,2.2,0.9,0.3,11.7,0.0,Dessert
fruit coffeecake,156,25.8,0.0,2.6,1.3,0.2,5.1,3.5,Dessert
pound cake,116,14.6,0.0,1.7,0.2,0.1,6.0,66.3,Dessert
pound cake bread,215,28.2,10.0,3.9,0.9,0.2,9.6,0.0,Grain
white cake,264,42.3,26.3,4.0,0.6,0.2,9.2,1.5,Dessert
coffeecake with chocolate frosting,298,48.4,0.0,4.5,1.8,0.3,9.7,62.1,Beverage
popcorn cake,38,8.0,0.001,1.0,0.3,0.05,0.3,0.0,Vegetable
banana cream pie,3190,390.2,143.0,52.2,8.3,2.8,161.3,604.9,Dairy
baked apple pie mcdonalds,91,12.3,4.9,0.9,0.6,0.076,4.4,0.0,Dessert
sponge cake,187,36.4,0.0,4.6,0.0,0.1,2.7,107.1,Dessert
yellow cake,245,36.0,0.0,3.6,0.5,0.2,9.9,36.7,Dessert
shortcake,98,13.7,0.0,1.7,0.0,0.1,4.0,0.8,Dessert
cherry pie,486,69.3,0.0,5.0,0.0,0.3,22.0,0.0,Dessert
dutch apple pie,397,61.0,30.2,3.0,2.2,0.3,15.8,0.0,Dessert
chocolate cake,352,50.7,0.0,5.0,1.5,0.3,14.3,55.1,Beverage
sugar apple,72,18.2,0.0,1.6,3.4,0.045,0.2,0.0,Sweetener
vanilla fudge with nuts,123,21.1,20.1,0.8,0.3,0.075,3.9,3.7,Dessert
peanuts chocolate coated,21,2.0,1.5,0.5,0.2,0.063,1.3,0.4,Beverage
caramel with nuts chocolate coated,66,8.5,5.8,1.3,0.6,0.041,2.9,0.0,Beverage
gingerbread,263,36.4,0.0,2.9,0.0,0.2,12.1,23.7,Grain
vanilla fudge,108,23.2,22.6,0.3,0.0,0.04,1.5,4.2,Dessert
fruit juice bar,67,15.6,13.5,0.9,0.8,0.011,0.089,0.0,Fruit Juice
butterscotch,21,4.8,4.3,0.079,0.0,0.039,0.2,0.5,Dairy
chocolate coffee beans,155,15.6,14.4,2.1,1.6,0.006,9.4,5.7,Vegetable
nougat with almonds,56,12.9,11.7,0.5,0.5,0.061,0.2,0.0,Nuts
peanut butter fudge,62,12.4,11.7,0.6,0.1,0.085,1.1,0.5,Dairy
sugar coated almonds,17,2.4,2.2,0.4,0.013,0.021,0.6,0.0,Sweetener
chocolate coated marshmallow,118,19.0,12.5,1.1,0.6,0.002,4.7,0.0,Beverage
raisins chocolate coated,390,68.4,62.2,4.1,3.1,0.021,14.8,3.0,Beverage
chewing gum sugarless,5,1.9,0.0,0.0,0.078,0.001,0.013,0.0,Sweetener
chocolate syrup,109,25.4,19.4,0.8,1.0,0.061,0.4,0.0,Sweetener
chocolate fudge syrup,67,12.0,6.6,0.9,0.5,0.084,1.7,0.2,Sweetener
m ms milk chocolate mars,207,29.9,26.7,1.8,1.2,0.018,8.9,5.9,Dairy
milk chocolate with almonds,216,21.9,18.0,3.7,2.5,0.051,14.1,7.8,Dairy
chocolate fudge,70,13.0,12.4,0.4,0.3,0.032,1.8,2.4,Beverage
milk chocolate with rice cereal,0,0.0,0.0,0.0,0.0,0.0,0.0,0.0,Dairy
m ms peanut chocolate mars,93,10.9,9.1,1.7,0.7,0.017,4.7,1.4,Beverage
dark chocolate,165,18.0,13.8,1.5,2.2,0.013,9.7,2.1,Beverage
chocolate semisweet,806,107.4,91.6,7.1,9.9,0.042,50.4,0.0,Beverage
milk chocolate,37,4.2,3.6,0.5,0.2,0.045,2.1,1.6,Dairy
white chocolate,162,17.8,17.7,1.8,0.081,0.009,9.6,6.3,Beverage
chocolate,208,24.8,21.1,1.6,2.3,0.001,14.0,0.0,Beverage
milky way mars,264,41.3,34.6,2.3,0.6,0.021,10.0,5.2,Dairy
skittles wild berry mars,249,56.3,47.1,0.1,0.0,0.036,2.6,0.0,Fruit
hard candy,24,5.9,3.8,0.0,0.0,0.021,0.067,0.0,Dessert
jellybeans,4,1.0,0.8,0.0,0.083,0.076,0.043,0.0,Vegetable
wheat germ toasted,115,14.9,2.3,8.7,4.5,0.06,3.2,0.0,Grain
crispy brown rice,124,27.5,2.9,2.3,2.3,0.086,1.1,0.0,Grain
barley raw,42,9.3,0.094,1.2,1.9,0.016,0.1,0.0,Grain
rice bran,373,58.6,1.1,15.8,24.8,0.036,24.6,0.0,Grain
chaptti roti indian bread,491,0.089,68.4,7.0,0.0,0.0,2.5,0.0,Grain
quinoa cooked,222,39.4,1.6,8.1,5.2,0.026,3.6,0.0,Grain
couscous dry,650,134.0,0.0,22.1,8.7,0.031,1.1,0.0,Grain
buckwheat cooked,155,33.5,1.5,5.7,4.5,0.053,1.0,0.0,Grain
popcorn oil popped,64,5.0,0.027,0.8,0.9,0.018,4.8,0.0,Vegetable
wheat bran,125,37.4,0.2,9.0,24.8,0.015,2.5,0.0,Grain
cheese popcorn,58,5.7,0.0,1.0,1.1,0.002,3.7,1.2,Dairy
couscous cooked,176,36.5,0.2,6.0,2.2,0.054,0.3,0.0,Grain
popcorn air popped,31,6.2,0.086,1.0,1.2,0.016,0.4,0.0,Vegetable
popcorn unpopped,106,20.9,0.3,3.1,3.6,0.001,1.2,0.0,Vegetable
whole wheat cooked,150,33.2,0.2,4.8,3.9,0.6,1.0,0.0,Grain
wheat sprouted,214,45.9,0.0,8.1,1.2,0.026,1.4,0.0,Grain
whole wheat dry,96,21.1,0.1,3.1,2.7,0.036,0.6,0.0,Grain
caramel popcorn,122,22.4,15.1,1.1,1.5,0.069,3.6,1.4,Vegetable
wheat puffed,44,9.6,0.0,1.8,0.5,0.03,0.1,0.0,Grain
wheat germ,112,16.1,0.0,7.2,4.1,0.037,3.0,0.0,Grain
microwave popcorn,465,49.8,0.3,7.3,8.7,0.6,26.3,0.0,Vegetable
wheat durum,651,136.6,0.0,26.3,0.0,0.032,4.7,0.0,Beverage
white wheat,657,145.7,0.8,21.7,23.4,0.094,3.3,0.0,Grain
buckwheat raw,41,8.6,0.0,1.6,1.2,0.054,0.4,0.0,Grain
honey cereali general mills,104,3.0,0.0,0.0,0.0,0.0,2.0,0.0,Sweetener
barley cooked,193,44.3,0.4,3.5,6.0,0.064,0.7,0.0,Grain
oats,39,6.6,0.0,1.7,1.1,0.074,0.7,0.0,Grain
quinoa dry,221,38.5,0.0,8.5,4.2,0.026,3.6,0.0,Grain
wheat shredded,155,36.2,0.4,5.2,5.5,0.086,1.0,0.0,Grain
vanilla bluberry bar kind,49,0.9,0.096,0.0,0.0,0.0,1.4,0.0,Fruit
almond granola bar,119,14.9,0.0,1.8,1.2,0.067,6.1,0.0,Nuts
chocolate chip granola bar,105,17.3,0.0,1.8,1.1,0.062,3.9,0.0,Beverage
milk cereal bar,103,18.0,11.5,1.6,0.1,0.087,2.7,1.5,Dairy
almond rice bar,128,18.1,0.0,2.0,1.0,0.0,5.7,0.0,Grain
rice wheat cereal bar,90,16.0,7.0,2.0,0.4,0.1,2.0,0.0,Grain
crisped rice bar,113,20.4,0.0,1.4,0.6,0.01,3.8,0.0,Grain
brown rice raw,685,142.9,1.6,14.7,6.5,0.086,5.4,0.0,Grain
rice pilaf cooked,352,61.1,0.6,7.0,1.4,1.0,8.8,0.0,Grain
beef flavored rice raw,657,139.1,0.0,19.8,2.9,2.4,2.3,0.0,Protein
wild rice cooked,166,35.0,1.2,6.5,3.0,0.008,0.6,0.0,Grain
wild rice raw,571,119.8,4.0,23.6,9.9,0.051,1.7,0.0,Grain
congee with pork shrimp and squid plus egg,178,0.0,0.0,0.0,0.0,0.0,0.3,0.0,Protein
white rice pasta cooked,246,43.3,0.0,5.1,5.1,1.1,5.7,2.0,Grain
chicken flavored rice raw,601,127.3,4.0,17.9,2.0,2.1,2.2,0.0,Protein
instant white rice raw,361,78.2,0.026,7.4,1.8,0.039,0.9,0.0,Grain
rice crisps,107,24.1,2.3,1.8,0.2,0.2,0.4,0.0,Grain
parboiled white rice raw,692,149.6,0.6,13.9,3.3,0.055,1.9,0.0,Grain
instant white rice cooked,193,41.4,0.0,3.6,1.0,0.001,0.8,0.0,Grain
rice pilaf raw,732,155.7,3.1,21.3,2.4,2.7,2.8,0.0,Grain
rice cracker cake,111,23.0,0.2,2.0,1.2,0.097,1.2,0.0,Snack
parboiled white rice cooked,194,41.2,0.2,4.6,1.4,0.088,0.6,0.0,Grain
white rice steamed,199,44.7,0.0,4.2,1.2,0.009,0.4,0.0,Grain
brown rice cake,35,7.3,0.047,0.7,0.4,0.024,0.3,0.0,Grain
glutinous white rice raw,685,151.1,0.0,12.6,5.2,0.015,1.0,0.0,Grain
white rice pasta raw,600,122.8,0.0,15.3,0.0,3.0,4.0,3.3,Grain
glutinous white rice cooked,169,36.7,0.078,3.5,1.7,0.027,0.3,0.0,Grain
brown rice cooked,218,45.8,0.7,4.5,3.5,0.086,1.6,0.0,Grain
beef flavored rice cooked,319,54.4,0.0,7.0,1.5,0.9,7.9,0.0,Protein
white rice cooked,205,44.5,0.015,4.3,0.6,0.077,0.4,0.0,Grain
chicken flavored rice cooked,317,54.8,1.5,6.2,1.6,0.9,8.0,0.0,Protein
white rice raw,675,147.9,0.2,13.2,2.4,0.081,1.2,0.0,Grain
cheese imitation,441,1.1,1.1,28.3,0.0,0.8,36.2,17.0,Dairy
cheshire cheese,110,1.4,0.0,6.6,0.0,0.2,8.7,29.1,Dairy
monterey cheese,421,0.8,0.6,27.7,0.0,0.7,34.2,100.6,Dairy
edam cheese,107,0.4,0.0,7.5,0.0,0.3,8.3,26.7,Dairy
fontina cheese,420,1.7,1.7,27.6,0.0,0.9,33.6,125.3,Dairy
monterey cheese low fat,350,0.8,0.6,31.9,0.0,0.6,24.4,73.5,Dairy
colby cheese,445,2.9,0.6,26.8,0.0,0.7,36.3,107.4,Dairy
american cheese,93,0.9,0.6,4.5,0.0,0.4,7.9,25.0,Dairy
blue cheese,106,0.7,0.2,6.4,0.0,0.3,8.6,22.5,Dairy
kiwifruit gold,51,12.8,10.0,0.8,1.1,0.046,0.2,0.0,Fruit
prickly pear raw,8,1.9,0.2,0.001,1.0,0.065,0.072,0.0,Fruit
pineapple,45,11.8,8.9,0.5,1.3,0.099,0.1,0.0,Fruit
muscadine grapes,3,0.8,0.0,0.014,0.2,0.024,0.056,0.0,Fruit
heidelbeeren jutro,17,0.4,0.0,0.0,0.0,0.0,0.2,0.0,Beverage
lemon peel,1,0.3,0.054,0.032,0.2,0.028,0.002,0.0,Fruit
banana,134,34.3,18.3,1.6,3.9,0.055,0.5,0.0,Fruit
apricot,17,3.9,3.2,0.5,0.7,0.02,0.1,0.0,Fruit
strawberry guava,4,1.0,0.0,0.01,0.3,0.059,0.008,0.0,Fruit
kiwifruit green,42,10.1,6.2,0.8,2.1,0.096,0.4,0.0,Fruit
figs,37,9.6,8.1,0.4,1.5,0.049,0.2,0.0,Fruit
orange,86,21.6,17.2,1.7,4.4,0.0,0.2,0.0,Fruit
bartlett pear,112,26.6,17.2,0.7,5.5,0.047,0.3,0.0,Fruit
java plum,2,0.5,0.0,0.034,0.0,0.063,0.029,0.0,Fruit
applesauce,102,27.5,22.9,0.4,2.7,0.031,0.2,0.0,Fruit
plum,30,7.5,6.5,0.5,0.9,0.0,0.2,0.0,Fruit
american grapes,2,0.4,0.4,0.035,0.09,0.056,0.087,0.0,Fruit
peach,59,14.3,12.6,1.4,2.3,0.0,0.4,0.0,Fruit
honeydew melon,64,16.1,14.4,1.0,1.4,0.062,0.2,0.0,Sweetener
lemons,17,5.4,1.5,0.6,1.6,0.045,0.2,0.0,Fruit
lime,20,7.1,1.1,0.5,1.9,0.082,0.1,0.0,Fruit
asian pear,51,13.0,8.6,0.6,4.4,0.0,0.3,0.0,Fruit
horned melon kiwano,92,15.8,0.0,3.7,0.0,0.095,2.6,0.0,Fruit
fruit walnut salad mcdonalds,312,43.8,32.9,4.8,0.0,0.017,13.3,5.3,Nuts
grapefruit,53,13.3,8.6,1.0,2.0,0.0,0.2,0.0,Fruit
pink lady apple,18,3.9,0.0,0.1,0.0,0.0,0.1,0.0,Fruit
crab apple,84,21.9,0.0,0.4,0.0,0.03,0.3,0.0,Protein
apple,95,25.1,18.9,0.5,4.4,0.062,0.3,0.0,Fruit
cantaloupe melon,60,14.4,13.9,1.5,1.6,0.087,0.3,0.0,Fruit
prickly pear cooked,7,1.6,0.0,0.091,0.0,0.0,0.043,0.0,Fruit
watermelon,86,21.6,17.7,1.7,1.1,0.043,0.4,0.0,Fruit
orange peel,6,1.5,0.0,0.093,0.6,0.023,0.017,0.0,Fruit
pokeberry shoots cooked,33,5.1,2.6,3.8,2.5,0.4,0.7,0.0,Fruit
breadfruit,227,59.7,24.2,2.4,10.8,0.057,0.5,0.0,Grain
pear,101,27.1,17.4,0.6,5.5,0.07,0.2,0.0,Fruit
apple dippers mcdonalds,33,8.2,6.3,0.0,0.0,0.0,0.0,0.0,Fruit
white grapefruit,78,19.8,17.3,1.6,2.6,0.0,0.2,0.0,Fruit
melon balls,57,13.7,0.0,1.5,1.2,0.022,0.4,0.0,Fruit
golden delicious apple,62,14.8,10.9,0.3,2.6,0.034,0.2,0.0,Fruit
pokeberry shoots raw,37,5.9,0.0,4.2,2.7,0.05,0.6,0.0,Fruit
orange with peel,100,24.6,0.0,2.1,7.2,0.028,0.5,0.0,Fruit
mango,202,50.3,45.9,2.8,5.4,0.027,1.3,0.0,Fruit
wild plum,147,35.3,17.1,0.7,9.7,0.047,0.3,0.0,Fruit
grapes,3,0.9,0.8,0.045,0.087,0.009,0.044,0.0,Fruit
figs canned,14,3.8,3.2,0.1,0.6,0.049,0.039,0.0,Fruit
pineapples canned,28,7.4,6.8,0.2,0.4,0.06,0.05,0.0,Fruit
prune plums canned,27,7.0,6.5,0.2,0.4,0.055,0.075,0.0,Fruit
mangosteen canned,143,35.1,0.0,0.8,3.5,0.024,1.1,0.0,Fruit
apricot juice,117,30.1,26.2,1.5,3.9,0.024,0.07,0.0,Fruit
peach canned,110,28.9,25.7,1.6,3.3,0.006,0.094,0.0,Fruit
grapefruit canned,88,22.3,21.4,1.4,1.0,0.091,0.2,0.0,Fruit
pear canned,38,9.8,7.4,0.3,1.2,0.088,0.001,0.0,Fruit
grapes canned,98,25.2,23.8,1.2,1.5,0.022,0.3,0.0,Fruit
apple dried,145,39.1,34.0,0.6,5.1,0.024,0.2,0.0,Fruit
peach dried,199,50.8,43.8,3.0,7.0,0.059,0.6,0.0,Fruit
plantain chips,150,18.1,0.3,0.6,1.0,0.039,8.4,0.0,Snack
pear dried,94,25.1,22.4,0.7,2.7,0.074,0.2,0.0,Fruit
prune plums dried,308,81.5,0.0,2.7,9.4,0.011,0.5,0.0,Fruit
figs dried,21,5.4,4.0,0.3,0.8,0.091,0.008,0.0,Fruit
banana chips,147,16.5,10.0,0.7,2.2,0.099,9.5,0.0,Snack
apricot dried,17,4.4,3.7,0.2,0.5,0.066,0.015,0.0,Fruit
mammy apple mamey,431,105.8,0.0,4.2,25.4,0.1,4.2,0.0,Fruit
prickly pear,42,9.9,0.0,0.8,3.7,0.044,0.5,0.0,Fruit
coconut meat dried,187,6.7,2.1,1.9,4.6,0.058,18.3,0.0,Protein
coconut meat,1405,60.5,24.7,13.2,35.7,0.022,133.0,0.0,Protein
casaba melon,48,11.2,9.7,1.9,1.5,0.057,0.2,0.0,Fruit
pasilla peppers dried,24,3.6,0.0,0.9,1.9,0.063,1.1,0.0,Vegetable
ancho pepper dried,48,8.7,0.0,2.0,3.7,0.068,1.4,0.0,Vegetable
butterbur,4,0.5,0.0,0.1,0.0,0.053,0.2,0.0,Dairy
white pepper,7,1.6,0.0,0.2,0.6,0.075,0.0,0.0,Vegetable
black pepper,6,1.5,0.08,0.2,0.6,0.036,0.006,0.0,Vegetable
spearmint fresh,3,0.5,0.0,0.2,0.4,0.092,0.089,0.0,Fruit
peppermint,1,0.2,0.0,0.038,0.1,0.007,0.004,0.0,Vegetable
cayenne pepper,1,0.2,0.089,0.039,0.052,0.059,0.094,0.0,Vegetable
spearmint dried,1,0.3,0.0,0.094,0.1,0.012,0.018,0.0,Fruit
onion powder,8,1.9,0.2,0.2,0.4,0.048,0.024,0.0,Vegetable
fava beans cooked,187,33.4,3.1,12.9,9.2,0.081,0.7,0.0,Vegetable
french beans raw,631,118.0,0.0,34.6,46.4,0.069,3.7,0.0,Vegetable
chickpeas canned,352,57.0,0.0,17.8,0.0,0.6,7.0,0.0,Vegetable
yellow beans cooked,255,44.7,0.0,16.2,18.4,0.086,1.9,0.0,Vegetable
mung beans cooked,212,38.7,4.0,14.2,15.4,0.083,0.8,0.0,Vegetable
white beans canned,299,55.5,0.8,19.0,12.6,0.079,0.8,0.0,Vegetable
pink beans cooked,252,47.2,0.6,15.3,9.0,0.075,0.8,0.0,Vegetable
pink beans raw,720,134.8,4.5,44.0,26.7,0.057,2.4,0.0,Vegetable
navy beans raw,701,126.4,8.1,46.4,50.8,0.059,3.1,0.0,Vegetable
snap beans cooked,44,9.9,1.9,2.4,4.0,0.086,0.4,0.0,Vegetable
black eyed cowpeas raw,131,27.3,4.4,4.3,7.3,0.048,0.5,0.0,Vegetable
black eyed cowpeas cooked,160,33.5,5.3,5.2,8.3,0.036,0.6,0.0,Vegetable
hyacinth beans cooked,227,40.2,0.0,15.8,0.0,0.0,1.1,0.0,Vegetable
cowpeas canned,185,32.7,0.0,11.4,7.9,0.7,1.3,0.0,Vegetable
pinto beans cooked,245,44.8,0.6,15.4,15.4,0.085,1.1,0.0,Vegetable
winged beans cooked,253,25.7,0.0,18.3,0.0,0.4,10.0,0.0,Vegetable
pinto beans raw,670,120.7,4.1,41.3,29.9,0.036,2.4,0.0,Vegetable
black turtle beans raw,624,116.4,3.9,39.1,28.5,0.041,1.7,0.0,Vegetable
fava beans raw,512,87.4,8.6,39.2,37.5,0.1,2.3,0.0,Vegetable
lima beans canned,190,35.9,0.0,11.9,11.6,0.8,0.4,0.0,Vegetable
hyacinth beans raw,722,127.6,0.0,50.2,53.8,0.073,3.5,0.0,Vegetable
white beans raw,673,121.7,4.3,47.2,30.7,0.051,1.7,0.0,Vegetable
snap beans canned,66,15.4,0.0,3.5,6.6,0.09,0.4,0.0,Vegetable
navy beans canned,296,53.6,0.7,19.7,13.4,1.2,1.1,0.0,Vegetable
mung beans raw,718,129.6,13.7,49.4,33.7,0.085,2.4,0.0,Vegetable
adzuki beans raw,648,123.9,0.0,39.1,25.0,0.06,1.0,0.0,Vegetable
black turtle beans cooked,241,45.0,0.6,15.1,15.4,0.06,0.6,0.0,Vegetable
yellow beans raw,676,119.0,0.0,43.1,49.2,0.046,5.1,0.0,Vegetable
white beans cooked,249,44.9,0.6,17.4,11.3,0.045,0.6,0.0,Vegetable
cranberry beans cooked,241,43.3,0.0,16.5,17.7,0.4,0.8,0.0,Vegetable
chickpeas raw,728,121.3,21.4,38.6,34.8,0.005,12.1,0.0,Vegetable
baked beans canned,239,53.7,20.2,12.1,10.4,0.9,0.9,0.0,Vegetable
cranberry beans canned,216,39.3,0.0,14.4,16.4,0.9,0.7,0.0,Vegetable
black beans cooked,227,40.8,0.0,15.2,15.0,0.008,0.9,0.0,Vegetable
lima beans cooked,216,39.3,5.5,14.7,13.2,0.012,0.7,0.0,Vegetable
mungo beans raw,706,122.1,0.0,52.2,37.9,0.004,3.4,0.0,Vegetable
pigeon peas raw,703,128.7,0.0,44.5,30.8,0.04,3.1,0.0,Vegetable
fava beans canned,182,31.8,0.0,14.0,9.5,1.2,0.6,0.0,Vegetable
yellow snap beans raw,31,7.1,0.0,1.8,3.4,0.085,0.1,0.0,Vegetable
snap beans raw,31,7.0,3.3,1.8,2.7,0.025,0.2,0.0,Vegetable
yellow snap beans canned,36,8.4,0.0,1.9,3.6,0.6,0.2,0.0,Vegetable
pigeon peas cooked,203,39.1,0.0,11.4,11.3,0.036,0.6,0.0,Vegetable
catjang cowpeas raw,573,99.6,0.0,39.8,17.9,0.07,3.5,0.0,Vegetable
navy beans cooked,255,47.4,0.7,15.0,19.1,0.4,1.1,0.0,Vegetable
mothbeans raw,672,120.6,0.0,45.0,0.0,0.001,3.2,0.0,Vegetable
cowpeas cooked,81,14.5,2.3,5.4,4.6,0.037,0.4,0.0,Vegetable
mothbeans cooked,207,37.1,0.0,13.8,0.0,0.086,1.0,0.0,Vegetable
french beans cooked,228,42.5,0.0,12.5,16.6,0.003,1.3,0.0,Vegetable
lima beans raw,602,112.8,15.1,38.2,33.8,0.078,1.2,0.0,Vegetable
winged beans raw,744,75.9,0.0,54.0,47.1,0.09,29.7,0.0,Vegetable
adzuki beans cooked,294,57.0,0.0,17.3,16.8,0.079,0.2,0.0,Vegetable
black beans raw,662,121.0,4.1,41.9,30.1,0.065,2.8,0.0,Vegetable
catjang cowpeas cooked,200,34.7,0.0,13.9,6.2,0.021,1.2,0.0,Vegetable
baby lima beans cooked,189,35.0,2.5,12.0,10.8,0.064,0.5,0.0,Vegetable
cowpeas raw,41,8.9,4.7,3.1,3.1,0.026,0.3,0.0,Vegetable
shellie beans canned,74,15.2,1.5,4.3,8.3,0.8,0.5,0.0,Vegetable
yardlong beans raw,579,103.4,0.0,40.6,18.4,0.057,2.2,0.0,Vegetable
pinto beans canned,197,36.4,2.4,11.0,11.0,0.6,1.3,0.0,Vegetable
chickpeas cooked,269,45.0,7.9,14.5,12.5,0.08,4.2,0.0,Vegetable
cranberry beans raw,653,117.1,0.0,44.9,48.2,0.014,2.4,0.0,Vegetable
mungo beans cooked,189,33.0,3.6,13.6,11.5,0.083,1.0,0.0,Vegetable
yellow snap beans cooked,44,9.9,4.5,2.4,4.1,0.096,0.4,0.0,Vegetable
yardlong beans cooked,202,36.1,0.0,14.2,6.5,0.059,0.8,0.0,Vegetable
bacon beef steak,146,0.2,0.2,8.2,0.0,0.4,12.5,28.9,Protein
lamb foreshank raw,912,0.0,0.0,85.8,0.0,0.3,60.7,326.6,Protein
bacon,106,0.2,0.2,3.3,0.0,0.1,10.2,0.0,Protein
lamb rib cooked,915,0.0,0.0,53.9,0.0,0.2,76.0,247.4,Protein
lamb shank raw,912,0.0,0.0,84.3,0.0,0.3,61.2,303.9,Protein
scrapple,60,4.0,0.063,2.3,0.052,0.1,3.9,13.9,Fruit
chicken nuggets,61,3.0,0.039,3.2,0.2,0.1,4.1,8.6,Protein
ground lamb cooked,886,0.0,0.0,77.5,0.0,0.3,61.5,303.6,Protein
lamb meat cooked,678,0.0,0.0,63.8,0.0,0.2,45.0,240.0,Protein
meat extender,275,33.7,0.0,33.5,15.4,0.041,2.6,0.0,Protein
lamb leg raw,1043,0.0,0.0,81.2,0.0,0.3,77.4,313.0,Protein
lamb loin cooked,202,0.0,0.0,16.1,0.0,0.089,14.8,64.0,Protein
chicken patty,172,7.7,0.0,8.9,0.2,0.3,11.7,25.8,Protein
lamb shank roasted,605,0.0,0.0,71.0,0.0,0.2,33.5,242.1,Protein
lamb sirloin cooked,765,0.0,0.0,64.5,0.0,0.2,54.2,254.1,Protein
ground lamb raw,80,0.0,0.0,4.7,0.0,0.05,6.6,20.7,Protein
lamb loin raw,88,0.0,0.0,4.6,0.0,0.003,7.5,20.9,Protein
lamb sirloin raw,1234,0.0,0.0,76.8,0.0,0.3,100.3,326.6,Protein
sausage patty mcdonalds,115,0.4,0.1,4.3,0.0,0.2,11.2,20.9,Protein
lamb foreshank cooked,360,0.0,0.0,42.0,0.0,0.1,19.9,156.9,Protein
ham salad,97,4.8,0.0,3.9,0.0,0.5,7.0,16.7,Protein
lamb rib raw,1687,0.0,0.0,65.9,0.0,0.3,156.0,344.7,Protein
lamb shoulder raw,1198,0.0,0.0,75.2,0.0,0.3,97.3,326.6,Protein
lamb meat raw,1102,0.0,0.0,79.6,0.0,0.3,84.6,317.5,Protein
lamb shoulder cooked,750,0.0,0.0,62.5,0.0,0.2,53.5,252.9,Protein
lamb leg cooked,684,0.0,0.0,67.7,0.0,0.2,43.7,246.5,Protein
beef stick,110,1.1,0.0,4.3,0.0,0.3,9.9,26.6,Protein
veal sirloin cooked,517,0.0,0.0,64.1,0.0,0.2,26.9,221.4,Protein
veal rib cooked,444,0.0,0.0,57.4,0.0,0.2,22.2,246.0,Protein
veal meat cooked,483,0.0,0.0,62.9,0.0,0.2,23.8,238.3,Protein
beef rib roasted,238,0.0,0.0,15.4,0.0,0.01,19.1,57.0,Protein
veal sirloin raw,689,0.0,0.0,86.5,0.0,0.3,35.4,353.8,Protein
beef top loin filet grilled,323,0.8,0.0,37.0,0.0,0.1,19.0,116.1,Protein
beef under blade steak cooked,983,0.0,0.0,140.8,0.0,0.3,46.7,480.4,Protein
mock tender steak raw,244,0.0,0.0,42.2,0.0,0.2,8.3,132.7,Protein
ground beef cooked,375,0.0,0.0,35.5,0.0,0.1,24.8,122.3,Protein
ground beef raw,1506,0.0,0.0,65.1,0.0,0.3,136.1,353.8,Protein
beef diced asda,48,10.5,0.054,0.0,0.0,0.0,0.7,0.0,Protein
veal rib raw,735,0.0,0.0,85.5,0.0,0.4,40.9,372.0,Protein
ground veal raw,41,0.0,0.0,5.5,0.0,0.029,1.9,23.2,Protein
t bone steak cooked,1049,0.0,0.0,89.3,0.0,0.2,74.1,301.3,Protein
veal leg round raw,531,0.0,0.0,95.2,0.0,0.3,14.0,353.8,Protein
beef top sirloin steak raw,1222,0.0,0.0,123.4,0.0,0.3,77.3,456.0,Protein
beef plate steak grilled,508,0.0,0.0,47.1,0.0,0.1,35.6,177.5,Protein
ground veal cooked,514,0.0,0.0,72.9,0.0,0.2,22.6,308.0,Protein
veal leg round cooked,574,0.0,0.0,98.4,0.0,0.2,17.2,364.5,Protein
porterhouse steak raw,1170,0.0,0.0,81.6,0.0,0.2,91.1,308.4,Protein
veal shank raw,513,0.0,0.0,86.9,0.0,0.4,15.8,340.2,Protein
veal breast cooked,753,0.0,0.0,76.3,0.0,0.2,47.5,319.8,Protein
corned beef canned,53,0.0,0.0,5.7,0.0,0.2,3.1,18.1,Protein
rib eye steak grilled,680,0.0,0.0,62.4,0.0,0.1,47.7,195.8,Protein
veal shoulder raw,0,0.0,0.0,0.0,0.0,0.0,0.0,0.0,Protein
t bone steak raw,1052,0.0,0.0,85.7,0.0,0.2,76.3,281.2,Protein
sirloin steak,324,0.0,0.0,49.5,0.0,0.6,14.1,144.4,Protein
mock tender steak cooked,137,0.0,0.0,21.9,0.0,0.028,4.9,55.3,Protein
beef round steak cooked,385,0.0,0.0,64.8,0.0,0.011,12.1,174.3,Protein
beef shoulder steak raw,349,0.0,0.0,48.2,0.0,0.2,17.3,164.9,Protein
beef top blade cooked,184,0.0,0.0,21.9,0.0,0.002,10.0,51.9,Protein
corned beef cooked,53,0.006,0.0,3.8,0.0,0.2,4.0,20.6,Protein
beef round steak raw,753,0.0,0.0,100.1,0.0,0.3,36.0,313.0,Protein
beef shoulder steak grilled,155,0.0,0.0,24.0,0.0,0.014,5.8,68.9,Protein
chuck eye steak raw,856,0.0,0.0,72.4,0.0,0.3,62.8,261.1,Protein
beef bottom round steak cooked,980,0.0,0.0,155.8,0.0,0.2,35.1,426.4,Protein
porterhouse steak cooked,235,0.0,0.0,20.4,0.0,0.085,16.4,57.0,Protein
beef under blade steak raw,1235,0.0,0.0,126.8,0.0,0.3,80.8,431.0,Protein
beef plate steak raw,617,0.9,0.0,47.8,0.0,0.2,46.8,188.9,Protein
beef meat canned,111,0.0,0.0,9.2,0.0,0.095,7.9,34.7,Protein
beef breakfast strips raw,92,0.2,0.0,2.8,0.0,0.2,8.8,18.5,Protein
beef brisket cooked,589,0.0,0.0,46.0,0.0,0.1,43.6,165.5,Protein
corned beef raw,898,0.6,0.0,66.6,0.0,5.5,67.6,244.9,Protein
beef mince meat asda,55,6.8,0.054,0.0,0.0,0.0,3.1,0.0,Protein
pastrami beef fat free,9,0.1,0.0,1.9,0.0,0.005,0.1,4.5,Protein
rib eye steak raw,743,0.4,0.0,62.8,0.0,0.2,54.5,221.7,Protein
beef tenderloin steak cooked,374,0.0,0.0,37.0,0.0,0.061,24.0,135.8,Protein
cured beef dried,4,0.06,0.006,0.9,0.0,0.049,0.019,2.2,Protein
beef flank steak cooked,380,0.0,0.0,51.8,0.0,0.068,17.5,152.3,Protein
chuck eye steak grilled,853,0.0,0.0,76.9,0.0,0.2,60.5,268.0,Protein
veal meat raw,653,0.0,0.0,87.8,0.0,0.4,30.7,372.0,Protein
veal loin cooked,80,0.0,0.0,8.5,0.0,0.001,4.9,33.4,Protein
veal loin raw,46,0.0,0.0,5.3,0.0,0.079,2.6,22.4,Protein
veal shoulder cooked,435,0.0,0.0,61.2,0.0,0.2,19.4,240.7,Protein
beef tenderloin steak raw,405,0.0,0.0,32.2,0.0,0.032,29.8,139.4,Protein
veal shank cooked,371,0.0,0.0,61.2,0.0,0.2,12.0,240.6,Protein
beef brisket raw,1139,0.0,0.0,83.6,0.0,0.3,86.5,308.4,Protein
pastrami beef,104,0.3,0.08,15.5,0.0,0.8,4.1,48.3,Protein
beef flank steak raw,47,0.0,0.0,6.0,0.0,0.054,2.3,19.2,Protein
beef top sirloin steak cooked,430,0.0,0.0,47.7,0.0,0.055,25.2,162.8,Protein
veal breast raw,943,0.0,0.0,79.2,0.0,0.3,66.9,322.1,Protein
beef rib raw,1433,0.0,0.0,73.8,0.0,0.2,123.8,322.1,Protein
beef jerky,82,2.2,1.8,6.6,0.4,0.4,5.1,9.6,Protein
beef breakfast strips cooked,51,0.2,0.0,3.5,0.0,0.3,3.9,13.4,Protein
pork olive loaf,66,2.6,0.0,3.3,0.0,0.3,4.6,10.6,Protein
beef luncheon meat jellied,31,0.0,0.0,5.3,0.0,0.4,0.9,9.5,Protein
turkey pastrami,38,0.5,1.0,4.6,0.062,0.3,1.8,19.4,Protein
pork salami,41,0.2,0.0,2.3,0.0,0.2,3.4,7.9,Protein
canadian style bacon raw,45,0.5,0.0,5.9,0.0,0.3,2.0,14.3,Protein
honey loaf,85,2.6,2.6,9.9,0.0,0.4,3.6,26.2,Sweetener
pork beef salami,37,0.076,0.008,2.1,0.0,0.2,3.1,10.6,Protein
beef pork bologna,92,1.6,1.3,4.6,0.0,0.3,7.4,18.0,Protein
pork beef salami cooked,41,0.3,0.1,2.7,0.0,0.2,3.2,10.9,Protein
pork breakfast strips raw,88,0.2,0.0,2.7,0.0,0.2,8.4,15.6,Protein
pork bologna,69,0.2,0.0,4.3,0.0,0.3,5.6,16.5,Protein
turkey salami cooked,9,0.081,0.063,1.0,0.054,0.023,0.5,3.8,Protein
pepperoni beef,10,0.0,0.0,0.5,0.0,0.09,0.9,2.1,Protein
peppered loaf,42,1.3,1.3,4.9,0.0,0.2,1.8,13.1,Vegetable
luncheon meat beef,10,0.0,0.0,1.8,0.0,0.1,0.3,3.2,Protein
chicken pork bologna,94,1.2,0.0,2.9,0.0,0.3,8.6,24.4,Protein
turkey roll,40,0.6,0.0,4.9,0.0,0.1,1.9,14.9,Protein
beef salami cooked,68,0.5,0.4,3.3,0.0,0.3,5.8,18.5,Protein
turkey ham,38,0.3,0.1,5.5,0.0,0.3,1.6,18.8,Protein
turkey bologna,59,1.3,0.8,3.2,0.1,0.3,4.5,21.0,Protein
sliced turkey breast,17,0.4,0.1,2.4,0.0,0.1,0.6,7.8,Protein
luncheon meat pork beef,99,0.7,0.0,3.5,0.0,0.4,9.0,15.4,Protein
beef bologna,90,1.3,0.6,3.3,0.0,0.3,7.8,17.1,Protein
turkey bacon cooked,313,2.5,0.0,24.3,0.0,1.9,22.9,80.4,Protein
emu drums cooked,649,0.0,0.0,134.7,0.0,0.5,8.4,378.6,Beverage
goat meat raw,494,0.0,0.0,93.4,0.0,0.4,10.5,258.6,Protein
veal brain cooked,461,0.0,0.0,38.9,0.0,0.5,32.6,10509.0,Protein
veal tongue cooked,515,0.0,0.0,65.9,0.0,0.2,25.8,606.9,Protein
beef heart cooked,47,0.057,0.0,8.1,0.0,0.024,1.3,60.0,Protein
turkey liver cooked,100,0.0,0.0,14.3,0.0,0.083,4.3,343.4,Protein
veal thymus cooked,35,0.0,0.0,6.4,0.0,0.036,0.9,99.1,Protein
beef brain cooked,688,0.0,0.0,44.1,0.0,0.6,55.6,7002.5,Protein
beef pancreas cooked,602,0.0,0.0,60.2,0.0,0.1,38.2,581.6,Protein
beef tripe cooked,80,1.7,0.0,10.0,0.0,0.045,3.4,133.5,Protein
chicken gizzard cooked,223,0.0,0.0,44.1,0.0,0.069,3.9,536.5,Protein
pork pancreas cooked,537,0.0,0.0,69.8,0.0,0.1,26.5,771.8,Protein
beef tongue cooked,80,0.0,0.0,5.5,0.0,0.029,6.3,37.4,Protein
lamb heart cooked,353,3.7,0.0,47.7,0.0,0.1,15.1,475.6,Protein
beef spleen cooked,447,0.0,0.0,77.3,0.0,0.2,12.9,1068.8,Protein
veal kidneys cooked,300,0.0,0.0,48.4,0.0,0.2,10.4,1455.4,Protein
chicken heart cooked,268,0.1,0.0,38.3,0.0,0.081,11.5,350.9,Protein
lamb tongue cooked,701,0.0,0.0,55.0,0.0,0.2,51.7,482.0,Protein
veal heart cooked,368,0.3,0.0,57.7,0.0,0.1,13.4,348.5,Protein
chicken liver cooked,76,0.5,0.0,11.3,0.0,0.079,2.8,248.2,Protein
lamb pancreas cooked,541,0.0,0.0,52.7,0.0,0.1,34.9,924.0,Protein
veal spleen cooked,445,0.0,0.0,83.1,0.0,0.2,10.0,1542.2,Protein
lamb liver cooked,739,8.5,0.0,102.7,0.0,0.2,29.6,1683.4,Protein
turkey gizzard cooked,70,0.0,0.0,11.9,0.0,0.031,2.1,203.4,Protein
turkey heart cooked,35,0.0,0.0,5.0,0.0,0.046,1.5,71.8,Protein
beef liver cooked,130,3.5,0.0,19.8,0.0,0.068,3.6,269.3,Protein
lamb lungs cooked,431,0.0,0.0,75.7,0.0,0.3,11.8,1082.0,Protein
pork brain cooked,527,0.0,0.0,46.4,0.0,0.3,36.3,9748.6,Protein
pork kidneys cooked,211,0.0,0.0,35.6,0.0,0.1,6.6,672.0,Protein
lamb brain cooked,503,0.0,0.0,43.5,0.0,0.5,35.3,7089.2,Protein
pork heart cooked,215,0.6,0.0,34.2,0.0,0.053,7.3,320.5,Protein
lamb kidneys cooked,349,2.5,0.0,60.3,0.0,0.4,9.2,1440.8,Protein
beef lungs cooked,364,0.0,0.0,61.8,0.0,0.3,11.2,839.3,Protein
veal pancreas cooked,614,0.0,0.0,69.8,0.0,0.2,35.0,0.0,Protein
pork liver cooked,584,13.3,0.0,92.1,0.0,0.2,15.6,1256.7,Protein
beef kidneys cooked,45,0.0,0.0,7.7,0.0,0.029,1.3,202.6,Protein
turkey giblets cooked,164,0.0,0.0,25.1,0.0,0.1,6.3,495.0,Protein
veal liver cooked,154,3.0,0.0,22.7,0.0,0.046,5.0,408.8,Protein
pork lungs cooked,297,0.0,0.0,49.8,0.0,0.2,9.3,1161.0,Protein
veal lungs cooked,312,0.0,0.0,56.2,0.0,0.2,7.9,789.0,Protein
beef thymus cooked,1215,0.0,0.0,83.2,0.0,0.4,95.2,1120.1,Protein
ham,46,1.0,0.3,4.6,0.4,0.2,2.5,16.0,Protein
pork meat cooked,283,0.0,0.0,14.1,0.0,0.7,14.1,112.6,Protein
bacon roasted,43,0.1,0.0,3.0,0.0,0.034,3.3,8.8,Protein
pork top loin roasts raw,3644,0.0,0.0,468.4,0.0,1.0,182.8,1404.8,Protein
pork blade roll raw,76,0.0,0.0,4.7,0.0,0.4,6.2,15.0,Protein
pork backribs raw,2399,0.0,0.0,204.2,0.0,0.9,174.9,739.0,Protein
pork spareribs cooked,703,0.0,0.0,51.4,0.0,0.2,53.6,214.2,Protein
pork stomach cooked,44,0.029,0.0,6.1,0.0,0.035,2.1,89.4,Protein
honey smoked ham cooked,67,4.0,0.0,9.9,0.0,0.5,1.3,12.1,Sweetener
boston butt steak raw,844,0.0,0.0,79.0,0.0,0.3,56.1,281.2,Protein
pork sirloin chops cooked,140,0.0,0.0,23.3,0.0,0.001,4.5,65.6,Protein
pork country style ribs raw,242,0.0,0.0,24.8,0.0,0.061,15.1,94.7,Protein
ham patties,205,1.1,0.0,8.3,0.0,0.7,18.3,45.5,Protein
pork feet cooked,67,0.0,0.0,6.2,0.0,0.046,4.5,30.3,Protein
ground pork cooked,930,0.0,0.0,80.4,0.0,0.2,65.0,294.2,Protein
pork centre loin chops cooked,328,0.0,0.0,40.2,0.0,0.065,17.4,131.9,Protein
pork leg cap steak cooked,307,0.0,0.0,53.5,0.0,0.1,8.6,157.1,Protein
pork blade chops raw,376,0.0,0.0,55.8,0.0,0.2,15.4,155.2,Protein
pork tenderloin raw,606,0.0,0.0,104.3,0.0,0.3,17.8,328.3,Protein
pork sirloin chops raw,1090,0.0,0.0,205.5,0.0,0.6,23.3,567.6,Protein
pork leg cap steak raw,284,0.0,0.0,50.0,0.0,0.2,7.8,145.5,Protein
pork carcass raw,1706,0.0,0.0,63.1,0.0,0.2,159.1,335.7,Protein
pork splean cooked,446,0.0,0.0,84.3,0.0,0.3,9.6,1507.0,Protein
chopped ham,50,1.2,0.0,4.6,0.0,0.3,2.9,16.5,Protein
pork centre loin chops raw,338,0.0,0.0,41.2,0.0,0.1,18.0,137.3,Protein
pork blade chops cooked,265,1.1,0.0,32.4,0.0,0.072,14.6,100.9,Protein
boston butt steak cooked,494,0.0,0.0,46.4,0.0,0.1,32.7,181.3,Protein
pork meat raw,179,0.0,0.0,2.6,0.0,0.021,18.6,20.4,Protein
pork top loin chops raw,287,0.0,0.0,39.9,0.0,0.099,12.8,124.0,Protein
pork blade steak braised,694,0.087,0.0,68.2,0.0,0.4,44.7,256.1,Protein
pork boston steaks cooked,438,0.0,0.0,43.2,0.0,0.1,28.1,160.6,Protein
bacon cooked,43,0.068,0.0,3.5,0.0,0.2,3.1,10.1,Protein
pickled pork hocks,48,0.0,0.0,5.4,0.0,0.3,3.0,25.2,Protein
pork boston roast cooked,705,0.0,0.0,60.5,0.0,0.2,49.4,225.3,Protein
canadian style bacon grilled,43,0.3,0.0,5.7,0.0,0.4,2.0,13.6,Protein
ham steak,70,0.0,0.0,11.1,0.0,0.7,2.4,25.7,Protein
pork backfat,3683,0.0,0.0,13.2,0.0,0.064,402.3,258.6,Protein
bacon baked,44,0.1,0.0,2.9,0.0,0.2,3.5,8.7,Protein
pork arm picnic raw,5298,0.0,0.0,513.6,0.0,2.3,343.4,1729.4,Protein
salt pork raw,212,0.0,0.0,1.4,0.0,0.8,22.8,24.3,Protein
pork arm picnic cooked,5292,0.0,0.0,560.3,0.0,2.2,322.7,1936.7,Protein
pork top loin chops cooked,270,0.0,0.0,39.4,0.0,0.064,11.2,97.2,Protein
ground pork raw,329,0.0,0.0,21.1,0.0,0.033,26.5,90.0,Protein
pork shoulder raw,1070,0.0,0.0,77.9,0.0,0.3,81.6,322.1,Protein
pork chitterlings cooked,66,0.0,0.0,3.5,0.0,0.078,5.8,78.4,Protein
pork breakfast strips cooked,52,0.1,0.0,3.3,0.0,0.2,4.1,11.9,Protein
pork blade roll roasted,1079,1.4,0.0,65.0,0.0,3.7,88.3,251.9,Protein
pork tail cooked,1089,0.0,0.0,46.8,0.0,0.093,98.5,354.8,Protein
pork centre rib roasts raw,275,0.0,0.0,44.0,0.0,0.1,9.7,113.1,Protein
pork centre rib roasts roasted,1942,0.0,0.0,211.3,0.0,0.7,114.9,610.7,Protein
minced ham,55,0.4,0.0,3.4,0.0,0.3,4.3,14.7,Protein
ham roasted,316,0.6,0.0,28.7,0.0,1.3,21.3,86.8,Protein
pork loin raw,232,0.0,0.0,23.1,0.0,0.003,14.7,73.7,Protein
pork backribs roasted,2564,0.0,0.0,202.0,0.0,0.8,188.9,737.5,Protein
pork belly raw,2350,0.0,0.0,42.4,0.0,0.1,240.5,326.6,Protein
ham raw,266,0.046,0.0,23.8,0.0,1.5,18.2,54.6,Protein
ham extra lean,45,0.6,0.0,5.1,0.0,0.4,2.3,14.8,Protein
pork feet pickled,635,0.029,0.0,52.8,0.0,4.3,45.5,376.5,Protein
pork shoulder cooked,394,0.0,0.0,31.4,0.0,0.001,28.9,121.5,Protein
pork top loin roasts roasted,1628,0.0,0.0,224.3,0.0,0.4,74.8,678.4,Protein
pork skin,154,0.0,0.0,17.3,0.0,0.5,8.9,26.9,Protein
pork country style ribs cooked,235,0.0,0.0,22.8,0.0,0.049,15.2,88.6,Protein
pork blade steak raw,664,0.6,0.0,67.6,0.0,0.6,43.7,243.7,Protein
pork tenderloin cooked,153,0.0,0.0,22.7,0.0,0.091,6.2,71.4,Protein
pork loin cooked,213,0.0,0.0,24.2,0.0,0.077,12.1,71.2,Protein
pork ears cooked,184,0.2,0.0,17.7,0.0,0.2,12.0,99.9,Protein
pork tongue cooked,626,0.0,0.0,55.7,0.0,0.3,43.0,337.3,Protein
pork spareribs raw,3593,0.0,0.0,200.6,0.0,1.1,303.5,1037.6,Protein
ham patties grilled,205,1.0,0.0,8.0,0.0,0.6,18.5,43.2,Protein
chicken skin roasted,508,0.0,0.0,22.8,0.0,0.028,45.6,93.0,Protein
turkey breast raw,3554,0.0,0.0,495.6,0.0,1.3,158.9,1471.6,Protein
ground turkey raw,169,0.0,0.0,22.4,0.0,0.047,8.7,78.7,Protein
chicken wing cooked,52,0.0,0.0,4.8,0.0,0.086,3.5,14.7,Protein
turkey roast roasted,209,4.1,0.0,28.8,0.0,0.9,7.8,71.6,Protein
pheasant meat raw,1448,0.0,0.0,181.6,0.0,0.3,74.3,568.0,Protein
chicken back raw,188,0.0,0.0,8.3,0.0,0.043,17.0,46.6,Protein
chicken back cooked,93,0.0,0.0,8.0,0.0,0.091,6.5,28.1,Protein
chicken leg fried,431,13.8,0.0,34.4,0.5,0.4,25.5,142.2,Protein
chicken feet cooked,975,0.9,0.0,88.0,0.0,0.3,66.2,381.0,Protein
turkey steak fried,179,10.9,0.0,9.1,0.0,0.5,10.8,41.0,Protein
turkey taco meat cooked,271,5.5,0.0,30.7,0.0,1.2,13.9,129.9,Protein
chicken leg raw,736,0.6,0.0,56.3,0.0,0.3,54.9,319.9,Protein
chicken meat raw,1978,0.0,0.0,171.1,0.0,0.6,138.6,690.0,Protein
chicken neck cooked,94,0.0,0.0,7.5,0.0,0.085,6.9,26.6,Protein
chicken drumstick fried,193,6.0,0.0,15.8,0.2,0.2,11.3,61.9,Protein
quail egg,14,0.08,0.048,1.2,0.0,0.042,1.0,76.0,Protein
duck meat cooked,472,0.0,0.0,26.6,0.0,0.041,39.7,117.6,Protein
chicken wing roasted,216,0.0,0.0,20.2,0.0,0.039,14.3,119.9,Protein
quail meat cooked,1028,0.0,0.0,113.7,0.0,0.2,63.9,389.6,Protein
goose meat cooked,427,0.0,0.0,35.2,0.0,0.089,30.7,127.4,Protein
chicken breast cooked,114,0.0,0.0,17.3,0.0,0.058,4.5,48.7,Protein
chicken neck raw,149,0.0,0.0,7.0,0.0,0.027,13.1,49.5,Protein
duck egg,130,1.0,0.7,9.0,0.0,0.1,9.6,618.8,Protein
duck meat raw,5123,0.0,0.0,145.7,0.0,0.8,498.8,963.7,Protein
squab meat raw,585,0.0,0.0,36.8,0.0,0.1,47.4,189.1,Protein
chicken drumstick raw,211,0.1,0.0,23.4,0.0,0.1,12.4,122.4,Protein
turkey meat roasted,284,0.031,0.0,42.8,0.0,0.2,11.1,163.5,Protein
chicken breast raw,299,0.0,0.0,36.3,0.0,0.1,16.1,111.4,Protein
ground chicken cooked,474,0.0,0.0,58.4,0.0,0.2,27.4,268.6,Protein
turkey wing cooked,426,0.0,0.0,50.9,0.0,0.1,23.1,150.7,Protein
goose meat raw,6077,0.0,0.0,259.8,0.0,1.2,550.7,1310.4,Protein
turkey breast roasted,3266,0.0,0.0,496.1,0.0,1.1,128.0,1278.7,Protein
chicken fajita strips,13,0.2,0.0,1.7,0.0,0.044,0.5,8.3,Protein
crispy chicken strips tyson,145,0.0,0.0,0.0,0.0,0.0,6.0,0.0,Protein
chocolate pudding fat free,105,23.6,17.8,2.2,0.3,0.1,0.3,1.1,Beverage
tapioca pudding,143,23.9,16.4,2.1,0.0,0.2,4.3,1.1,Dessert
tapioca pudding fat free,105,23.9,15.9,1.6,0.0,0.2,0.4,1.1,Dessert
rice pudding,122,20.8,13.1,3.6,0.3,0.1,2.4,13.6,Grain
corn pudding,328,42.4,16.5,11.1,3.0,0.7,12.6,180.0,Vegetable
chocolate pudding,213,34.5,25.8,3.1,0.0,0.2,6.9,1.5,Beverage
lemon pudding,173,30.2,0.0,4.1,0.0,0.4,4.4,16.5,Dessert
vanilla pudding,195,33.9,25.5,2.2,0.0,0.3,5.7,1.5,Dessert
cottage cheese creamed,20,0.7,0.5,2.2,0.0,0.095,0.9,3.4,Dairy
cottage cheese low fat,163,6.1,6.1,28.0,0.0,0.9,2.3,9.0,Dairy
cottage cheese nonfat,104,9.7,2.7,15.0,0.0,0.5,0.4,10.2,Dairy
vanilla yogurt low fat,208,33.8,33.8,12.1,0.0,0.2,3.1,12.3,Dairy
classique yogurt plain 2 liberte,30,1.7,1.7,3.3,0.0,0.0,1.2,0.017,Dairy
yoplait light strawberry yogurt yoplait,79,0.074,0.0,0.0,0.0,0.0,0.0,0.0,Dairy
vanilla yogurt,145,23.5,23.5,8.4,0.0,0.1,2.1,8.5,Dairy
chocolate yogurt,168,35.3,22.5,5.3,1.8,0.2,0.0,1.5,Dairy
yogurt parfait,125,23.6,17.4,5.0,1.6,0.048,1.5,4.5,Dairy
yogurt,92,7.0,7.0,5.2,0.0,0.005,4.9,19.5,Dairy
chocolate frozen yogurt,221,37.6,33.5,5.2,4.0,0.1,6.3,22.6,Dairy
frozen yogurt,221,37.6,34.7,5.2,0.0,0.1,6.3,22.6,Dairy
yogurt low fat,154,17.2,17.2,12.9,0.0,0.2,3.8,14.7,Dairy
fruit yogurt,149,28.0,28.0,6.0,0.0,0.013,1.7,7.5,Dairy
fruit n yogurt parfait mcdonalds,156,30.9,19.1,4.1,1.5,0.065,1.9,7.5,Dairy
triple zero greek yogurt dannon oikos,120,22.5,6.0,0.038,0.0,0.0,0.0,0.0,Dairy
greek yogurt,100,6.1,5.5,17.3,0.0,0.081,0.7,8.5,Dairy
chocolate rasberry protein mini proteinfx,102,0.0,0.0,0.0,0.0,0.0,2.9,0.0,Beverage
egg fried,90,0.4,0.2,6.3,0.0,0.043,6.8,184.5,Protein
sports drink,26,7.2,0.0,0.0,0.0,0.073,0.0,0.0,Beverage
peanut butter cookie protein syntha 6,200,5.0,0.0,0.0,0.0,0.0,6.0,0.0,Dairy
smoothie high protein creamy chocolate slimfast,110,2.1,1.0,12.0,0.0,0.2,3.5,5.0,Dairy
egg large,138,0.0,0.0,0.0,0.0,0.0,9.3,0.0,Protein
chocolate powder for milk,88,19.9,18.0,1.0,1.0,0.012,0.5,0.0,Dairy
vegetable fruit juice,9,2.2,0.6,0.071,0.0,0.043,0.017,0.0,Fruit Juice
coconut milk,35,0.8,0.5,0.3,0.3,0.001,3.6,0.0,Dairy
rice drink,113,22.0,12.7,0.7,0.7,0.058,2.3,0.0,Beverage
coconut water,46,8.9,6.3,1.7,2.6,0.3,0.5,0.0,Water
caramel med iced coffee dunkin donuts,268,0.0,0.0,0.0,0.0,0.0,9.0,0.0,Dessert
instant coffee with water decaffeinated,4,0.8,0.0,0.2,0.0,0.093,0.0,0.0,Water
instant coffee with water,4,0.6,0.0,0.2,0.0,0.015,0.0,0.0,Water
energy drink sugar free red bull,13,1.8,0.0,0.6,0.0,0.008,0.2,0.0,Sweetener
powerade coca cola,9,2.3,1.8,0.0,0.0,0.005,0.009,0.0,Beverage
amp energy sugar free pepsi,5,2.5,0.0,0.0,0.0,0.093,0.0,0.0,Sweetener
energy drink red bull,111,26.4,26.4,1.2,0.0,0.1,0.0,0.0,Beverage
powerade zero ion4 coca cola,0,0.0,0.0,0.0,0.0,0.03,0.0,0.0,Beverage
full throttle coca cola,110,29.0,29.0,0.6,0.0,0.071,0.2,0.0,Beverage
passion fruit juice purple,148,35.7,35.2,1.7,0.5,0.084,0.4,0.0,Fruit Juice
pomegranate juice,134,32.7,31.5,0.4,0.2,0.089,0.7,0.0,Fruit Juice
cranberry apricot juice,157,39.7,0.0,0.5,0.2,0.007,0.0,0.0,Fruit
pineapple juice,133,32.2,25.0,0.9,0.5,0.075,0.3,0.0,Fruit
passion fruit juice yellow,126,33.6,33.1,1.0,0.5,0.003,0.1,0.0,Fruit Juice
orange apricot juice,128,31.8,30.2,0.8,0.3,0.096,0.3,0.0,Fruit
tangerine juice,106,24.9,24.5,1.2,0.5,0.022,0.5,0.0,Fruit Juice
orange juice,90,20.8,16.8,1.4,0.4,0.067,0.4,0.0,Fruit
grapefruit juice,96,22.7,0.0,1.2,0.0,0.061,0.2,0.0,Fruit
pineapple grapefruit juice,118,29.0,28.8,0.5,0.3,0.054,0.3,0.0,Fruit
apple juice,114,28.0,23.9,0.2,0.5,0.038,0.3,0.0,Fruit
limeade,128,34.1,32.8,0.0,0.0,0.071,0.0,0.0,Fruit
orange grapefruit juice,106,25.4,25.1,1.5,0.2,0.082,0.2,0.0,Fruit
orange juice sainsburys,14,0.0,0.0,0.0,0.0,0.0,0.088,0.0,Fruit
cranberry apple juice,154,38.8,35.5,0.0,0.0,0.061,0.3,0.0,Fruit
pineapple orange juice,125,29.5,29.0,3.3,0.3,0.069,0.0,0.0,Fruit
pear nectar,150,39.4,0.0,0.3,1.5,0.056,0.062,0.0,Fruit
blackberry juice,95,19.5,19.3,0.8,0.3,0.072,1.5,0.0,Fruit
lemon juice,54,16.6,6.1,0.9,0.7,0.046,0.6,0.0,Fruit
cranberry grape juice,137,34.3,0.0,0.5,0.2,0.079,0.2,0.0,Fruit
citrus fruit juice,114,28.3,20.2,0.8,0.2,0.051,0.057,0.0,Fruit Juice
prune juice,182,44.7,42.1,1.6,2.6,0.1,0.006,0.0,Fruit Juice
fruit juice,108,26.3,24.2,0.3,0.2,0.1,0.1,0.0,Fruit Juice
apricot nectar,139,35.7,34.2,0.9,1.5,0.025,0.2,0.0,Fruit
orangensaft ja,86,1.4,0.024,0.0,0.0,0.0,0.0,0.0,Fruit
peach nectar,125,29.7,27.8,0.5,0.2,0.077,1.3,0.0,Fruit
orange pineapple juice,15,3.6,3.1,0.1,0.032,0.044,0.08,0.0,Fruit
cranberry juice,92,24.4,24.2,0.8,0.2,0.093,0.3,0.0,Fruit
white grapefruit juice,96,22.7,22.5,1.2,0.2,0.018,0.2,0.0,Fruit
mango nectar,128,32.9,31.2,0.3,0.8,0.061,0.2,0.0,Fruit
acerola cherry juice,56,11.6,10.9,1.0,0.7,0.082,0.7,0.0,Fruit Juice
apple juice concentrate,350,86.5,81.9,1.1,0.8,0.049,0.8,0.0,Fruit
apple juice martinellis,122,0.0,0.0,0.0,0.0,0.0,0.0,0.0,Fruit
lime juice,61,20.4,4.1,1.0,1.0,0.014,0.2,0.0,Fruit
grape juice,152,37.4,35.9,0.9,0.5,0.003,0.3,0.0,Fruit
water dannon,0,0.0,0.0,0.0,0.0,0.0,0.0,0.0,Water
tap water,0,0.0,0.0,0.0,0.0,0.018,0.0,0.0,Water
table water,0,0.0,0.0,0.0,0.0,0.044,0.0,0.0,Water
fruit flavored water,52,13.0,13.0,0.0,0.0,0.0,0.0,0.0,Water
water,0,0.0,0.0,0.0,0.0,0.024,0.0,0.0,Water
cola light coca cola,0,0.0,0.0,0.0,0.0,0.087,0.0,0.0,Beverage
lemon lime soda,151,38.4,37.6,0.3,0.0,0.024,0.0,0.0,Beverage
tonic water,114,29.6,29.6,0.0,0.0,0.049,0.0,0.0,Water
lemonade low calorie,7,1.6,0.0,0.092,0.0,0.013,0.0,0.0,Fruit
ice tea lemon flavor nestle,88,22.3,22.3,0.0,0.0,0.063,0.0,0.0,Fruit
sprite coca cola,80,20.3,18.0,0.1,0.0,0.021,0.063,0.0,Beverage
cola coca cola,151,38.9,38.9,0.0,0.0,0.045,0.0,0.0,Beverage
cola,74,19.1,17.9,0.1,0.0,0.072,0.07,0.0,Beverage
cream soda,252,65.7,65.7,0.0,0.0,0.098,0.0,0.0,Dairy
club soda,0,0.0,0.0,0.0,0.0,0.046,0.0,0.0,Beverage
pink lemonade,86,21.6,20.6,0.1,0.2,0.01,0.3,0.0,Fruit
grape soda,160,41.7,0.0,0.0,0.0,0.042,0.0,0.0,Beverage
cola without caffeine coca cola,151,38.9,38.9,0.0,0.0,0.04,0.0,0.0,Beverage
white lemonade,80,20.8,20.0,0.1,0.0,0.02,0.003,0.0,Fruit
chocolate soda,207,52.6,52.6,0.0,0.0,0.031,0.0,0.0,Beverage
sweet tea lipton,130,35.0,35.0,0.0,0.0,0.0,0.0,0.0,Tea
hibiscus tea,74,14.8,12.0,0.9,0.6,0.091,1.3,0.0,Tea
instant lemon tea,2,0.3,0.047,0.1,0.0,0.046,0.0,0.0,Fruit
pesca tea santal,116,0.0,0.0,0.0,0.0,0.0,0.0,0.0,Tea
instant lemon tea sweetened,91,22.3,21.6,0.071,0.3,0.089,0.2,0.0,Fruit
tea with milk and sugar yorkshire,15,0.4,0.0,0.0,0.0,0.0,0.5,0.0,Dairy
tea blueberry muffin tekanne,4,0.4,0.007,0.0,0.0,0.0,0.2,0.0,Fruit
chamomile tea,2,0.4,0.0,0.0,0.0,0.003,0.0,0.0,Protein
black tea,2,0.7,0.0,0.0,0.0,0.091,0.0,0.0,Tea
herb tea,2,0.4,0.0,0.0,0.0,0.064,0.0,0.0,Tea
clam tomato juice,80,18.2,5.5,1.0,0.7,0.6,0.3,0.0,Vegetable
tomato juice,41,8.6,6.3,2.1,1.0,0.063,0.7,0.0,Vegetable
vegetable juice,53,11.1,7.9,1.5,1.9,0.1,0.2,0.0,Fruit Juice
tomato vegetable juice,53,11.1,9.2,1.5,1.9,0.2,0.2,0.0,Vegetable
carrot juice,80,18.6,7.8,1.9,1.6,0.1,0.3,0.0,Vegetable
acorn dried,144,15.2,0.0,2.3,0.0,0.0,8.9,0.0,Vegetable
breadnut tree seeds raw,61,13.1,0.0,1.7,0.0,0.084,0.3,0.0,Grain
hazelnuts roasted,194,5.3,1.5,4.5,2.8,0.0,18.7,0.0,Nuts
hazelnuts blanched,178,4.8,1.0,3.9,3.1,0.0,17.3,0.0,Nuts
sunflower seeds dry roasted,47,1.9,0.2,1.5,0.9,0.067,4.0,0.0,Seeds
pumpkin squash seeds dried,721,13.8,1.8,39.0,7.7,0.013,63.3,0.0,Vegetable
cashew nuts raw,156,8.5,1.7,5.2,0.9,0.02,12.4,0.0,Nuts
sunflower seeds dried,269,9.2,1.2,9.6,4.0,0.014,23.7,0.0,Seeds
butternuts dried,734,14.5,0.0,29.9,5.6,0.062,68.4,0.0,Dairy
sesame seeds dried,52,2.1,0.031,1.6,1.1,0.049,4.5,0.0,Seeds
breadfruit seeds,57,8.8,0.0,2.2,1.6,0.04,1.7,0.0,Grain
flaxseeds,55,3.0,0.2,1.9,2.8,0.035,4.3,0.0,Seeds
pistachio nuts raw,691,33.8,9.4,24.9,12.7,0.037,55.8,0.0,Nuts
acorn raw,110,11.5,0.0,1.7,0.0,0.0,6.8,0.0,Vegetable
almonds roasted,182,5.3,1.4,6.4,3.2,0.029,16.6,0.0,Nuts
hazelnuts raw,471,12.5,3.3,11.2,7.3,0.0,45.6,0.0,Nuts
macadamia nuts roasted,215,4.0,1.2,2.3,2.4,0.064,22.8,0.0,Nuts
pumpkin squash seeds roasted,46,1.2,0.1,2.4,0.5,0.045,3.9,0.0,Vegetable
water chestnut raw,120,29.7,6.0,1.7,3.7,0.097,0.1,0.0,Water
almonds raw,9,0.3,0.026,0.3,0.2,0.043,0.7,0.0,Nuts
sunflower seeds toasted,829,27.6,0.0,23.1,15.4,0.8,76.1,0.0,Seeds
breadnut tree seeds dried,587,127.0,0.0,13.8,23.8,0.091,2.7,0.0,Grain
pecans raw,753,15.1,4.3,10.0,10.5,0.0,78.4,0.0,Nuts
chia seeds dried,138,11.9,0.0,4.7,9.7,0.047,8.7,0.0,Seeds
sesame seeds toasted,45,2.1,0.0,1.4,1.1,0.07,3.8,0.0,Seeds
cashew nuts roasted,174,9.0,1.5,5.1,1.0,0.091,14.3,0.0,Nuts
pistachio nuts roasted,172,8.5,2.3,6.3,3.1,0.008,13.7,0.0,Nuts
walnut,33,0.7,0.1,0.8,0.3,0.041,3.3,0.0,Nuts
celery seeds,25,2.7,0.078,1.2,0.8,0.068,1.6,0.0,Vegetable
pecans roasted,215,3.9,1.2,2.8,2.9,0.062,22.6,0.0,Nuts
watermelon seed kernels dried,602,16.5,0.0,30.6,0.0,0.1,51.2,0.0,Fruit
macadamia nuts raw,38,0.7,0.2,0.4,0.5,0.011,4.0,0.0,Nuts
black walnut dried,31,0.5,0.018,1.2,0.3,0.028,3.0,0.0,Nuts
water chestnut canned,70,17.2,3.4,1.2,3.5,0.011,0.015,0.0,Water
corn grits cooked,182,37.9,0.3,4.4,2.1,0.6,1.2,0.0,Vegetable
muesli master crumble,124,4.5,0.042,2.4,0.0,0.0,2.4,0.0,Beverage
corn flakes,108,24.6,2.2,1.7,0.8,0.2,0.3,0.0,Vegetable
corn grits dry,36,7.7,0.008,0.7,0.4,0.054,0.2,0.0,Vegetable
sunflower seed butter,99,3.7,1.7,2.8,0.9,0.065,8.8,0.0,Dairy
hazelnut oil,120,0.0,0.0,0.0,0.0,0.0,13.6,0.0,Nuts
menhaden fish oil,1966,0.0,0.0,0.0,0.0,0.0,218.0,1135.8,Protein
cod liver fish oil,123,0.0,0.0,0.0,0.0,0.0,13.6,77.5,Protein
sardine oil,123,0.0,0.0,0.0,0.0,0.0,13.6,96.6,Oil
cupu assu oil,120,0.0,0.0,0.0,0.0,0.0,13.6,0.0,Oil
sesame butter,94,3.8,0.0,2.9,0.9,0.031,8.1,0.0,Dairy
lard vegetable oil,115,0.0,0.0,0.0,0.0,0.0,12.8,7.2,Oil
vegetable oil spread,75,0.1,0.0,0.007,0.0,0.081,8.4,0.1,Oil
cottonseed oil,120,0.0,0.0,0.0,0.0,0.0,13.6,0.0,Oil
vegetable oil spread fat free,6,0.4,0.0,0.2,0.0,0.1,0.5,0.2,Oil
salmon fish oil,123,0.0,0.0,0.0,0.0,0.0,13.6,66.0,Protein
nutmeg butter oil,1927,0.0,0.0,0.0,0.0,0.0,218.0,0.0,Dairy
almond butter,98,3.0,0.7,3.4,1.6,0.037,8.9,0.0,Dairy
sour cream shoprite,60,1.0,0.014,0.0,0.0,0.0,5.0,0.0,Dairy
ucuhuba butter oil,120,0.0,0.0,0.0,0.0,0.0,13.6,0.0,Dairy
chicken fat,115,0.0,0.0,0.0,0.0,0.0,12.8,10.9,Protein
herring fish oil,123,0.0,0.0,0.0,0.0,0.0,13.6,104.2,Protein
bacon grease,39,0.0,0.0,0.0,0.0,0.009,4.3,4.1,Protein
turkey fat,45,0.0,0.0,0.0,0.0,0.0,5.0,5.1,Protein
beef tallow,115,0.0,0.0,0.0,0.0,0.0,12.8,14.0,Protein
grapeseed oil,120,0.0,0.0,0.0,0.0,0.0,13.6,0.0,Fruit
sheanut oil,1927,0.0,0.0,0.0,0.0,0.0,218.0,0.0,Oil
almond oil,120,0.0,0.0,0.0,0.0,0.0,13.6,0.0,Nuts
sunflower oil,120,0.0,0.0,0.0,0.0,0.0,13.6,0.0,Oil
cashew butter,94,4.4,0.8,2.8,0.3,0.071,7.9,0.0,Dairy
canola oil,124,0.0,0.0,0.0,0.0,0.0,14.0,0.0,Oil
babassu oil,1927,0.0,0.0,0.0,0.0,0.0,218.0,0.0,Oil
teaseed oil,120,0.0,0.0,0.0,0.0,0.0,13.6,0.0,Tea
avocado oil,124,0.0,0.0,0.0,0.0,0.0,14.0,0.0,Oil
vegetable palm kernel oil,117,0.0,0.0,0.0,0.0,0.0,13.6,0.0,Oil
coconut oil,117,0.0,0.0,0.0,0.0,0.0,13.6,0.0,Oil
safflower oil,120,0.0,0.0,0.0,0.0,0.0,13.6,0.0,Oil
vegetable oil,120,0.0,0.0,0.0,0.0,0.0,13.6,0.0,Oil
apricot kernel oil,40,0.0,0.0,0.0,0.0,0.0,4.5,0.0,Fruit
peanut oil,119,0.0,0.0,0.0,0.0,0.0,13.5,0.0,Oil
poppyseed oil,120,0.0,0.0,0.0,0.0,0.0,13.6,0.0,Oil
flaxseed oil,120,0.0,0.0,0.086,0.0,0.0,13.6,0.0,Oil
tomatoseed oil,1927,0.0,0.0,0.0,0.0,0.0,218.0,0.0,Vegetable
wheat germ oil,120,0.0,0.0,0.0,0.0,0.0,13.6,0.0,Grain
sesame oil,40,0.0,0.0,0.0,0.0,0.0,4.5,0.0,Oil
corn granola oil,124,0.0,0.0,0.0,0.0,0.0,14.0,0.0,Vegetable
cocoa butter oil,120,0.0,0.0,0.0,0.0,0.0,13.6,0.0,Dairy
olive oil,119,0.0,0.0,0.0,0.0,0.004,13.5,0.0,Oil
palm kernel oil,40,0.0,0.0,0.0,0.0,0.098,4.5,0.0,Oil
mustard oil,124,0.0,0.0,0.0,0.0,0.0,14.0,0.0,Oil
rice bran oil,120,0.0,0.0,0.0,0.0,0.0,13.6,0.0,Grain
vegetable macaroni dry,308,62.9,0.0,11.0,3.6,0.06,0.9,0.0,Grain
chow mein noodles,257,37.5,0.5,5.9,1.5,0.5,9.9,0.0,Grain
chinese noodles,456,111.9,0.0,0.2,0.7,0.088,0.094,0.0,Grain
vegetable macaroni cooked,172,35.7,1.5,6.1,5.8,0.015,0.1,0.0,Grain
corn pasta dry,375,83.2,0.0,7.8,11.6,0.027,2.2,0.0,Vegetable
egg noodles dry,146,27.1,0.7,5.4,1.3,0.095,1.7,31.9,Protein
whole wheat spaghetti dry,98,21.2,0.0,4.1,0.0,0.002,0.4,0.0,Grain
japanese soba noodles dry,95,21.1,0.0,4.1,0.0,0.2,0.2,0.0,Grain
rice noodles dry,103,23.6,0.0,1.0,0.5,0.006,0.2,0.0,Grain
spinach spaghetti dry,105,21.2,0.8,3.8,3.0,0.094,0.4,0.0,Vegetable
egg noodles cooked,110,20.1,0.3,3.6,1.0,0.027,1.7,23.2,Protein
japanese somen noodles cooked,231,48.5,0.0,7.0,0.0,0.3,0.3,0.0,Grain
whole wheat macaroni dry,365,78.8,0.0,15.4,8.7,0.028,1.5,0.0,Grain
pasta marinara and ground beef sauce,41,4.1,1.0,2.5,0.5,0.0,1.6,0.2,Protein
macaroni raw,390,78.4,2.8,13.7,3.4,0.097,1.6,0.0,Grain
spaghetti dry,105,21.1,0.8,3.7,0.9,0.09,0.4,0.0,Grain
japanese somen noodles dry,101,21.0,0.0,3.2,1.2,0.5,0.2,0.0,Grain
pasta cooked,301,57.3,0.0,11.8,0.0,0.073,2.4,75.9,Grain
macaroni cooked,221,43.2,0.8,8.1,2.5,0.071,1.3,0.0,Grain
spinach egg noodles dry,145,26.7,0.0,5.6,2.6,0.096,1.7,36.1,Protein
japanese soba noodles cooked,113,24.4,0.0,5.8,0.0,0.1,0.1,0.0,Grain
rice noodles cooked,190,42.3,0.052,3.2,1.8,0.075,0.4,0.0,Grain
whole wheat macaroni cooked,174,37.2,1.1,7.5,3.9,0.057,0.8,0.0,Grain
spaghetti cooked,363,71.0,1.3,13.3,4.1,0.089,2.1,0.0,Grain
whole wheat spaghetti cooked,174,37.2,1.1,7.5,6.3,0.091,0.8,0.0,Grain
blueberry muffin,214,30.2,17.9,2.6,0.6,0.2,9.2,17.1,Fruit
bread crumbs,427,77.7,6.7,14.4,4.9,0.8,5.7,0.0,Beverage
corn muffin,201,33.7,11.7,3.9,2.2,0.3,5.5,17.2,Vegetable
buttermilk waffle,102,16.0,1.5,2.4,0.9,0.2,3.1,4.3,Dairy
flour tortilla,146,24.1,1.3,3.9,1.2,0.4,3.7,0.0,Grain
glazed donut,55,6.2,3.0,0.8,0.3,0.082,3.0,3.9,Dessert
corn tortilla,52,10.7,0.2,1.4,1.5,0.075,0.7,0.0,Vegetable
donut with jelly filling,289,33.2,17.9,5.0,0.8,0.4,15.9,22.1,Dessert
french cruller donut,169,24.4,14.4,1.3,0.5,0.1,7.5,4.5,Dessert
pancakes,86,10.8,0.0,2.4,0.0,0.2,3.7,22.4,Dessert
chocolate donut,250,34.4,19.2,2.7,1.3,0.1,11.9,34.2,Beverage
sweet cheese rolls,238,28.8,0.0,4.7,0.8,0.2,12.1,50.2,Dairy
donut with cream filling,307,25.5,12.4,5.4,0.7,0.3,20.8,20.4,Dairy
donut,192,22.9,0.0,2.3,0.7,0.2,10.3,14.4,Dessert
pancakes whole wheat,92,12.9,0.0,3.7,1.2,0.3,2.9,26.8,Grain
chocolate coated donut,81,9.2,4.8,0.9,0.3,0.099,4.5,3.4,Beverage
wheat bran bread,89,17.2,3.5,3.2,1.4,0.2,1.2,0.0,Grain
white bread,77,14.3,1.6,2.6,0.8,0.1,1.0,0.0,Grain
oat bran bread,71,11.9,2.3,3.1,1.4,0.1,1.3,0.0,Grain
whole wheat bread natures own,50,0.0,0.0,0.0,0.0,0.0,1.0,0.0,Grain
high protein bread dr zaks,152,15.3,0.6,0.0,0.0,0.0,3.0,0.0,Grain
wheat bread,79,13.8,1.7,3.1,1.2,0.1,1.3,0.0,Grain
egg bread toasted,117,19.5,0.7,3.9,0.9,0.2,2.4,20.7,Protein
butter toastbrot ja,66,2.0,0.4,0.0,0.0,0.0,0.9,0.0,Dairy
vienna bread toasted,93,18.0,1.0,3.8,0.9,0.2,0.6,0.0,Grain
vienna bread,92,18.1,0.8,3.8,0.8,0.2,0.6,0.0,Grain
protein bread,47,8.3,0.3,2.3,0.6,0.008,0.4,0.0,Grain
banana bread,186,31.1,0.0,2.5,0.6,0.2,6.0,24.5,Grain
rice bran bread,66,11.7,1.3,2.4,1.3,0.081,1.2,0.0,Grain
white fibre wonder bread,95,18.0,2.0,3.5,1.5,0.0,1.0,0.1,Grain
oat bran bread toasted,70,11.8,2.3,3.1,1.3,0.1,1.3,0.0,Grain
rye bread,83,15.5,1.2,2.7,1.9,0.2,1.1,0.0,Grain
wheat germ bread,73,13.5,1.0,2.7,0.6,0.2,0.8,0.0,Grain
protein bread toasted,46,8.2,0.2,2.2,0.6,0.049,0.4,0.0,Grain
oatmeal bread,73,13.1,2.2,2.3,1.1,0.1,1.2,0.0,Grain
raisin bread toasted,86,16.5,1.8,2.5,1.4,0.1,1.4,0.0,Grain
cracked wheat bread,74,14.0,0.0,2.5,1.6,0.2,1.1,0.0,Grain
garlic bread,151,17.9,1.6,3.6,1.1,0.2,7.1,0.0,Grain
rye bread toasted,82,15.4,1.2,2.7,1.9,0.2,1.0,0.0,Grain
whole wheat bread,128,23.6,1.8,3.9,2.8,0.2,2.5,0.0,Grain
whole wheat bread toasted,128,23.7,1.8,3.9,2.8,0.2,2.5,0.0,Grain
pan dulce bread,231,35.5,7.9,5.9,1.4,0.1,7.3,18.9,Grain
rice bran bread toasted,66,11.8,1.3,2.4,1.3,0.026,1.3,0.0,Grain
pita bread whole wheat,74,15.4,0.2,2.7,2.1,0.1,0.7,0.0,Grain
wheat germ bread toasted,73,13.6,1.0,2.7,0.6,0.2,0.8,0.3,Grain
pumpernickel bread,65,12.4,0.1,2.3,1.7,0.2,0.8,0.0,Grain
frybread,502,73.4,3.1,10.2,0.0,0.5,18.6,10.6,Grain
white bread toasted,83,15.4,1.3,2.5,0.7,0.2,1.1,0.3,Grain
piki bread,109,20.2,0.4,2.5,2.6,0.028,2.0,0.0,Grain
wheat bread toasted,75,13.4,1.5,3.1,1.1,0.1,1.0,0.0,Grain
pita bread,165,33.4,0.8,5.5,1.3,0.3,0.7,0.0,Grain
potato bread,85,15.1,3.0,4.0,2.0,0.1,1.0,0.0,Grain
egg bread,115,19.1,0.7,3.8,0.9,0.2,2.4,20.4,Protein
oatmeal bread toasted,73,13.2,2.2,2.3,1.1,0.1,1.2,0.0,Grain
cheese bread,196,21.5,1.0,5.0,1.0,0.4,10.0,4.8,Dairy
pumpernickel bread toasted,80,15.1,0.2,2.8,2.1,0.2,1.0,0.0,Grain
raisin bread,88,16.7,1.8,2.5,1.4,0.1,1.4,0.0,Grain
english muffin whole wheat,134,26.7,5.3,5.8,4.4,0.2,1.4,0.0,Grain
dinner roll whole wheat,74,14.3,2.4,2.4,2.1,0.1,1.3,0.0,Grain
pain au chocolat de la boulangerie,235,0.0,0.0,0.0,0.0,0.0,12.0,0.0,Beverage
egg bagel,72,13.8,0.0,2.8,0.6,0.1,0.5,6.2,Protein
english muffin whole wheat toasted,135,26.9,5.4,5.9,4.5,0.2,1.4,0.0,Grain
pecan shortbread cookies,76,8.2,0.0,0.7,0.3,0.002,4.6,4.6,Grain
oatmeal cookies,113,17.2,6.2,1.6,0.7,0.1,4.5,0.0,Dessert
chocolate wafers,485,81.1,33.2,7.4,3.8,0.8,15.9,2.2,Beverage
chocolate chip cookies mcdonalds,136,18.7,9.6,1.6,0.6,0.058,6.4,18.4,Beverage
gingersnap cookies,29,5.4,1.4,0.4,0.2,0.012,0.7,0.0,Dessert
chocolate chip cookie,63,9.3,5.3,0.5,0.3,0.047,2.8,0.0,Beverage
brownie,243,38.3,22.0,2.9,1.3,0.2,9.8,10.2,Dessert
shortbread cookies,40,5.2,1.2,0.5,0.1,0.097,1.9,1.6,Grain
oatmeal cookies with raisins,65,10.3,0.0,1.0,0.0,0.022,2.4,5.0,Dessert
peanut butter sandwich cookies,67,9.2,5.0,1.2,0.3,0.098,3.0,0.0,Dairy
sugar cookies,72,10.2,5.7,0.8,0.1,0.007,3.2,7.7,Sweetener
chocolate covered graham crackers,68,9.3,5.8,0.8,0.4,0.067,3.2,0.0,Protein
raisin cookies,60,10.2,7.1,0.6,0.2,0.077,2.0,0.3,Dessert
graham crackers,355,64.5,26.1,5.8,2.4,0.4,8.5,0.0,Protein
peanut butter cookies,95,11.8,0.0,1.8,0.0,0.1,4.8,6.2,Dairy
vanilla sandwich cookie,72,10.8,5.9,0.7,0.2,0.044,3.0,0.0,Dessert
sugar wafers with creme filling,51,7.1,4.3,0.4,0.2,0.06,2.3,0.0,Sweetener
cheese puffs,197,18.6,1.1,2.1,0.6,0.3,12.8,2.5,Dairy
saltine crackers,13,2.2,0.063,0.3,0.022,0.067,0.3,0.0,Snack
corn cones,144,17.8,0.0,1.6,0.3,0.3,7.6,0.0,Vegetable
chocolate pretzels,50,7.8,0.0,0.8,0.0,0.037,1.8,0.0,Snack
crackers,82,9.8,1.3,1.1,0.4,0.1,4.2,0.0,Snack
cheese crackers,34,4.2,0.3,0.8,0.2,0.065,1.6,0.2,Dairy
oriental rice cracker mix,143,14.6,0.8,4.9,3.7,0.1,7.2,0.0,Snack
breadsticks,103,17.1,0.3,3.0,0.8,0.2,2.4,0.0,Grain
milk crackers,50,7.7,1.8,0.8,0.2,0.095,1.7,1.2,Dairy
matzo crackers whole wheat,98,22.1,0.0,3.7,3.3,0.002,0.4,0.0,Snack
matzo crackers with egg,109,22.0,0.0,3.4,0.8,0.057,0.6,23.2,Protein
crackers whole wheat,120,19.5,0.3,3.0,2.9,0.2,4.0,0.0,Snack
soft pretzels,389,79.8,0.3,9.4,2.0,0.9,3.6,3.5,Snack
corn tostada shell,58,7.9,0.0,0.8,0.7,0.084,2.9,0.0,Vegetable
matzo crackers,111,23.4,0.098,2.8,0.8,0.0,0.4,0.0,Snack
trail mix with chocolate chips,707,65.6,0.0,20.7,0.0,0.2,46.6,5.8,Snack
cracker meal,440,93.0,0.4,10.7,3.0,0.078,2.0,0.0,Snack
puffed rice,153,34.1,0.0,2.4,0.6,0.053,0.2,0.0,Grain
melba toast crackers,117,23.0,0.3,3.6,1.9,0.2,1.0,0.0,Snack
matzo crackers with egg onion,109,21.6,0.0,2.8,1.4,0.052,1.1,12.6,Protein
cornnuts,126,20.3,0.2,2.4,2.0,0.2,4.4,0.0,Vegetable
bagel chips,789,116.1,10.5,21.6,7.2,0.4,26.5,0.0,Snack
pretzels,115,24.1,0.7,3.0,1.0,0.4,0.9,0.0,Snack
potato ham chowder soup,192,13.4,0.0,6.5,1.4,0.9,12.5,21.6,Protein
cottage fries,11,1.9,0.019,0.2,0.2,0.058,0.4,0.0,Dairy
mashed potato with milk and butter,237,35.3,3.0,3.9,3.2,0.7,8.9,23.1,Dairy
potato pancake,59,6.1,0.4,1.3,0.7,0.2,3.2,20.9,Dessert
baked chips lays,130,0.0,0.0,0.0,0.0,0.0,2.0,0.0,Snack
corn chips,162,17.2,0.031,1.9,1.2,0.2,10.0,0.0,Vegetable
nacho cheese tortilla chips low fat,90,18.5,0.8,2.4,1.8,0.2,1.0,0.6,Dairy
corn chips barbecue,1036,111.3,0.0,13.9,10.3,1.5,64.7,0.0,Vegetable
corn chips unsalted,490,50.5,1.2,5.8,3.9,0.024,29.4,0.0,Vegetable
potato chips fat free,860,190.1,8.4,21.9,17.0,1.5,1.4,0.0,Snack
sweet chilli kettle baked chips,99,2.1,0.4,2.0,0.0,0.0,2.2,0.0,Snack
taro chips,11,1.6,0.04,0.049,0.2,0.022,0.6,0.0,Snack
potato chips reduced fat,801,113.7,0.4,12.1,10.0,0.8,35.4,0.0,Snack
onion snacks,150,19.5,1.4,2.3,1.2,0.3,6.8,0.0,Vegetable
potato chips cheese,843,98.1,0.0,14.5,8.8,0.8,46.2,6.8,Dairy
yuca cassava chips,9,1.2,0.006,0.054,0.002,0.041,0.4,0.0,Snack
tortilla chips low fat,117,22.6,0.2,3.1,1.5,0.1,1.6,0.0,Snack
ranch flavor tortilla chips,992,124.2,6.0,14.2,7.9,1.0,48.8,0.0,Snack
potato chips,161,15.9,0.007,2.1,1.4,0.021,10.4,0.0,Snack
tortilla chips,142,20.3,0.2,2.1,1.6,0.077,6.2,0.0,Snack
sweet potato chips,149,15.9,2.5,0.8,2.5,0.05,9.1,0.0,Snack
nacho cheese tortilla chips,156,18.2,0.8,2.2,1.5,0.2,8.2,0.0,Dairy
vegetable chips,134,17.1,1.1,1.5,1.3,0.3,6.6,0.0,Snack
taco flavor tortilla chips,1090,143.2,0.0,17.9,12.0,1.8,54.9,11.4,Snack
potato chips barbecue,970,104.5,14.0,15.2,8.7,1.3,64.2,0.0,Snack
pita chips,137,20.5,1.4,3.5,1.1,0.3,4.6,0.0,Snack
potato chips sour cream and onion,1051,102.0,0.0,16.0,10.3,1.1,67.1,13.9,Dairy
chili pepper sauce red,3,0.6,0.4,0.1,0.1,0.003,0.089,0.0,Vegetable
creamy ranch sauce mcdonalds,132,1.0,1.0,0.3,0.0,0.2,14.7,5.9,Dairy
chili pepper sauce green,3,0.8,0.4,0.1,0.3,0.03,0.032,0.0,Vegetable
red wine vinegar,3,0.011,0.0,0.055,0.0,0.092,0.0,0.0,Beverage
fish sauce,6,0.7,0.7,0.9,0.0,1.4,0.013,0.0,Protein
nance syrup,4,0.8,0.6,0.028,0.3,0.035,0.002,0.0,Sweetener
peppercorn dressing,76,0.5,0.3,0.2,0.0,0.1,8.2,6.6,Vegetable
sorghum syrup,61,15.7,15.7,0.0,0.0,0.096,0.0,0.0,Sweetener
turkey gravy instant,27,3.9,0.5,0.8,0.3,0.3,1.0,1.6,Protein
tomato sauce,59,13.0,8.7,2.9,3.7,0.083,0.7,0.0,Vegetable
cranberry sauce sweetened,418,107.8,105.0,0.6,2.8,0.076,0.4,0.0,Fruit
onion gravy dry,77,16.2,0.0,2.2,1.4,1.0,0.7,0.5,Vegetable
corn syrup light,62,16.9,16.9,0.0,0.0,0.065,0.09,0.0,Sweetener
bacon tomato dressing,49,0.3,0.3,0.3,0.04,0.1,5.3,0.6,Protein
pancake syrup,53,13.9,8.4,0.0,0.0,0.064,0.075,0.0,Sweetener
vinegar oil dressing,72,0.4,0.4,0.0,0.0,0.076,8.0,0.0,Oil
honey mustard dressing,70,3.5,2.4,0.1,0.057,0.019,6.1,4.4,Sweetener
honey mustard dressing fat free,25,5.8,2.7,0.2,0.2,0.2,0.2,0.2,Sweetener
marinara pasta sauce,129,19.9,14.5,3.7,4.8,1.1,3.9,5.3,Grain
tomato sauce with mushrooms,86,20.7,14.1,3.6,3.7,1.1,0.3,0.0,Vegetable
pork gravy powder,25,4.3,1.7,0.6,0.2,0.4,0.6,0.7,Protein
beef gravy,123,11.2,0.5,8.7,0.9,1.5,5.5,7.0,Protein
tomato sauce with onions,103,24.4,0.0,3.8,4.4,1.3,0.5,0.0,Vegetable
blue cheese dressing light,14,2.1,0.6,0.3,0.0,0.2,0.4,1.6,Dairy
spanish tomato sauce,81,17.7,0.0,3.5,3.4,1.2,0.7,0.0,Vegetable
cheese sauce,30,0.8,0.033,1.5,0.071,0.002,2.2,5.7,Dairy
tomato sauce with herbs cheese,144,25.0,0.0,5.2,5.4,1.3,4.7,7.3,Dairy
canadian maple syrup,76,19.1,17.0,0.0,0.0,0.086,0.0,0.0,Sweetener
maple syrup,52,13.4,13.6,0.09,0.0,0.059,0.047,0.0,Sweetener
tomato ketchup mp,15,0.2,0.0,0.0,0.0,0.0,0.0,0.0,Vegetable
malt syrup,67,15.0,15.0,1.3,0.0,0.05,0.0,0.0,Sweetener
cranberry orange relish,490,127.1,0.0,0.8,0.0,0.063,0.3,0.0,Fruit
roquefort cheese dressing,15,0.4,0.4,0.8,0.0,0.1,1.1,0.2,Dairy
blue cheese dressing,71,0.7,0.5,0.2,0.045,0.2,7.7,4.7,Dairy
corn syrup dark,57,15.5,15.5,0.0,0.0,0.047,0.0,0.0,Sweetener
buttermilk dressing light,30,3.2,0.6,0.2,0.2,0.2,1.9,2.4,Dairy
pepper hot sauce,1,0.031,0.065,0.024,0.071,0.1,0.018,0.0,Vegetable
tomato chili sauce,6,1.2,0.6,0.2,0.4,0.083,0.095,0.0,Vegetable
turkey gravy dry,26,4.6,0.0,0.7,0.0,0.3,0.5,1.0,Protein
steak sauce,16,3.7,1.7,0.2,0.3,0.3,0.004,0.0,Protein
molasses,58,14.9,14.9,0.0,0.0,0.007,0.068,0.0,Sweetener
plum sauce,35,8.1,0.0,0.2,0.1,0.1,0.2,0.0,Fruit
beef gravy instant,25,4.1,1.6,0.7,0.3,0.3,0.6,0.7,Protein
horseradish,2,0.6,0.4,0.003,0.2,0.039,0.085,0.0,Vegetable
soy flour roasted,375,28.6,6.5,29.6,8.2,0.083,18.6,0.0,Grain
soy flour low fat,330,30.7,9.3,40.0,14.1,0.085,7.8,0.0,Grain
tofu yogurt,246,41.8,3.2,9.2,0.5,0.03,4.7,0.0,Dairy
bacon meatless,446,9.1,0.0,15.4,3.7,2.1,42.5,0.0,Protein
meatless chicken fried,304,11.1,0.0,27.7,5.6,0.5,16.6,0.0,Protein
soymilk,109,8.4,6.1,7.1,1.0,0.1,4.8,0.0,Dairy
meatless meatloaf,110,4.5,0.7,11.8,2.6,0.3,5.0,0.0,Protein
soybean curd cheese,340,15.5,3.6,28.1,0.0,0.094,18.2,0.0,Dairy
soybean oil,120,0.0,0.0,0.0,0.0,0.0,13.6,0.0,Oil
meatless chicken,376,6.1,0.0,39.7,6.0,1.2,21.4,0.0,Protein
soymilk nonfat,68,10.1,8.9,6.0,0.5,0.1,0.046,0.0,Dairy
soy flour,23,1.8,0.4,1.8,0.5,0.023,1.1,0.0,Grain
soybean lecithin oil,104,0.0,0.0,0.0,0.0,0.0,13.6,0.0,Oil
soy chips,109,15.0,0.5,7.5,1.0,0.2,2.1,0.0,Snack
chocolate soymilk nonfat,107,20.7,8.9,6.0,0.5,0.1,0.046,0.0,Dairy
meatless meatballs,284,11.5,1.8,30.2,6.6,0.8,13.0,0.0,Protein
vanilla soymilk,131,15.3,9.7,7.9,1.5,0.1,4.3,0.0,Dairy
soymilk low fat,104,17.5,8.5,4.0,1.9,0.04,1.5,0.0,Dairy
vanilla soymilk light,83,9.4,1.0,6.4,1.5,0.2,2.1,0.0,Dairy
chocolate soymilk,153,24.2,19.1,5.5,1.0,0.1,3.7,0.0,Dairy
soy oil,120,0.0,0.0,0.0,0.0,0.0,13.6,0.0,Oil
red cabbage raw,53,12.5,6.5,2.4,3.6,0.079,0.3,0.0,Vegetable
broccoli raab raw,9,1.1,0.2,1.3,1.1,0.04,0.2,0.0,Vegetable
napa cabbage cooked,13,2.4,0.0,1.2,0.0,0.012,0.2,0.0,Vegetable
red lettuce,4,0.6,0.1,0.4,0.3,0.057,0.08,0.0,Vegetable
broccoli cooked,98,20.1,3.9,6.7,9.2,0.1,1.1,0.0,Vegetable
eggplant raw,115,26.9,16.2,4.5,13.7,0.028,0.8,0.0,Protein
lemongrass citronella,5,1.2,0.0,0.038,0.0,0.024,0.076,0.0,Fruit
pumpkin cooked,49,12.0,5.1,1.8,2.7,0.006,0.2,0.0,Vegetable
celery cooked,7,1.5,0.9,0.3,0.6,0.093,0.098,0.0,Vegetable
serrano pepper,2,0.4,0.2,0.1,0.2,0.067,0.075,0.0,Vegetable
eggplant cooked,33,8.1,3.2,0.8,2.5,0.2,0.2,0.0,Protein
asparagus cooked,3,0.6,0.2,0.4,0.3,0.0,0.074,0.0,Vegetable
turnip greens cooked,29,6.3,0.8,1.6,5.0,0.4,0.3,0.0,Vegetable
oriental radish dried,314,73.5,43.3,9.2,27.7,0.3,0.8,0.0,Vegetable
acorn squash raw,172,44.9,0.0,3.4,6.5,0.017,0.4,0.0,Vegetable
cabbage raw,70,16.2,9.0,3.6,7.0,0.006,0.3,0.0,Vegetable
sweet red peppers cooked,19,4.5,3.2,0.7,0.9,0.2,0.1,0.0,Vegetable
sweet red peppers raw,46,9.0,6.3,1.5,3.1,0.092,0.4,0.0,Vegetable
cucumber peeled,16,2.9,1.8,0.8,0.9,0.098,0.2,0.0,Vegetable
peas onions cooked,81,15.5,6.8,4.6,4.0,0.5,0.4,0.0,Vegetable
tomato cooked,22,4.9,3.1,1.2,0.9,0.029,0.1,0.0,Vegetable
scots kale raw,28,5.6,0.0,1.9,1.1,0.059,0.4,0.0,Vegetable
oriental radish cooked,25,5.0,2.7,1.0,2.4,0.4,0.4,0.0,Vegetable
drumstick leaves cooked,25,4.7,0.4,2.2,0.8,0.1,0.4,0.0,Beverage
winter squash raw,39,10.0,2.6,1.1,1.7,0.027,0.2,0.0,Vegetable
pumpkin raw,30,7.5,3.2,1.2,0.6,0.062,0.1,0.0,Vegetable
spinach cooked,41,6.8,0.8,5.3,4.3,0.1,0.5,0.0,Vegetable
radish pickled,42,7.8,3.0,1.7,3.3,1.2,0.5,0.0,Vegetable
sweet onion,106,25.0,16.6,2.6,3.0,0.063,0.3,0.0,Vegetable
radish seeds sprouted,16,1.4,0.0,1.4,0.0,0.067,1.0,0.0,Vegetable
turnips raw,51,11.8,7.0,1.6,3.3,0.1,0.2,0.0,Vegetable
red cabbage cooked,49,11.8,5.6,2.6,4.4,0.047,0.2,0.0,Vegetable
hot chile pepper dried,2,0.3,0.2,0.054,0.1,0.041,0.054,0.0,Vegetable
crookneck squash raw,24,4.9,4.5,1.3,1.3,0.047,0.3,0.0,Vegetable
indian squash cooked,38,7.6,4.7,0.7,3.5,0.0,0.4,0.0,Vegetable
acorn squash cooked,115,29.9,0.0,2.3,9.0,0.5,0.3,0.0,Vegetable
crookneck squash cooked,34,6.8,4.5,1.9,2.0,0.4,0.7,0.0,Vegetable
pumpkin flowers raw,5,1.1,0.0,0.3,0.0,0.066,0.084,0.0,Vegetable
japanese cabbage,45,8.5,2.0,2.4,4.7,0.4,0.2,0.0,Vegetable
scallop squash cooked,29,5.9,2.7,1.9,3.4,0.4,0.3,0.0,Vegetable
pumpkin leaves cooked,15,2.4,0.5,1.9,1.9,0.2,0.2,0.0,Vegetable
hungarian pepper,8,1.8,1.0,0.2,0.3,0.028,0.1,0.0,Vegetable
chinese cabbage pe tsai raw,12,2.5,1.1,0.9,0.9,0.049,0.2,0.0,Vegetable
pumpkin flowers cooked,20,4.4,3.2,1.5,1.2,0.082,0.1,0.0,Vegetable
yellow corn raw,606,123.3,1.1,15.6,12.1,0.06,7.9,0.0,Vegetable
broccoli raw,31,6.0,1.5,2.6,2.4,0.049,0.3,0.0,Vegetable
sweet green peppers raw,30,6.9,3.6,1.3,2.5,0.023,0.3,0.0,Vegetable
chinese cabbage pak choi cooked,20,3.0,1.4,2.7,1.7,0.5,0.3,0.0,Vegetable
watercress,4,0.4,0.099,0.8,0.2,0.038,0.006,0.0,Water
winter squash cooked,76,18.1,6.8,1.8,5.7,0.068,0.7,0.0,Vegetable
new zealand spinach raw,8,1.4,0.2,0.8,0.8,0.017,0.1,0.0,Vegetable
okra,4,0.9,0.2,0.2,0.4,0.098,0.082,0.0,Vegetable
mustard spinach cooked,29,5.0,0.0,3.1,3.6,0.5,0.4,0.0,Vegetable
drumstick pods raw,37,8.5,0.0,2.1,3.2,0.077,0.2,0.0,Beverage
baby zucchini,2,0.3,0.0,0.3,0.1,0.041,0.089,0.0,Vegetable
onion raw,16,3.7,1.7,0.4,0.7,0.065,0.048,0.0,Vegetable
butternut squash raw,90,23.4,4.4,2.0,4.0,0.067,0.2,0.0,Dairy
turnip greens raw,18,3.9,0.4,0.8,1.8,0.012,0.2,0.0,Vegetable
spaghetti squash raw,31,7.0,2.8,0.6,1.5,0.081,0.6,0.0,Vegetable
corn dried,119,18.8,6.0,4.1,5.8,0.029,3.0,0.0,Vegetable
cucumber,23,5.4,2.5,1.0,0.8,0.061,0.2,0.0,Vegetable
summer squash raw,42,8.7,5.7,3.1,2.9,0.051,0.5,0.0,Vegetable
green tomato,42,9.3,7.3,2.2,2.0,0.055,0.4,0.0,Vegetable
savoy cabbage cooked,41,9.2,0.0,3.1,4.8,0.05,0.2,0.0,Vegetable
turnips cooked,34,7.9,4.7,1.1,3.1,0.017,0.1,0.0,Vegetable
dried tomatoes,5,1.1,0.8,0.3,0.2,0.069,0.053,0.0,Vegetable
yellow tomato,32,6.3,0.0,2.1,1.5,0.088,0.6,0.0,Vegetable
spinach raw,7,1.1,0.1,0.9,0.7,0.036,0.1,0.0,Vegetable
kale raw,7,0.9,0.2,0.6,0.9,0.045,0.3,0.0,Vegetable
drumstick pods cooked,42,9.7,0.0,2.5,5.0,0.3,0.2,0.0,Beverage
carrots raw,25,5.8,2.9,0.6,1.7,0.024,0.1,0.0,Vegetable
red chili peppers,18,4.0,2.4,0.8,0.7,0.03,0.2,0.0,Vegetable
sweet corn white,63,13.9,2.4,2.4,2.0,0.016,0.9,0.0,Vegetable
hubbard squash raw,46,10.1,4.6,2.3,4.5,0.094,0.6,0.0,Vegetable
carrots cooked,16,3.8,1.6,0.3,1.4,0.025,0.092,0.0,Vegetable
lambs quarters raw,0,0.069,0.0,0.08,0.046,0.033,0.067,0.0,Protein
split peas raw,672,118.9,15.8,48.4,50.2,0.075,2.3,0.0,Vegetable
scots kale cooked,36,7.3,0.0,2.5,0.0,0.4,0.5,0.0,Vegetable
corn cooked,99,21.6,4.7,3.5,2.5,0.039,1.5,0.0,Vegetable
radish raw,1,0.2,0.066,0.042,0.002,0.033,0.026,0.0,Vegetable
baby carrots,5,1.2,0.7,0.031,0.4,0.097,0.053,0.0,Vegetable
sweet yellow peppers,50,11.8,0.0,1.9,1.7,0.017,0.4,0.0,Vegetable
corn raw,123,26.7,9.0,4.7,2.9,0.083,1.9,0.0,Vegetable
drumstick leaves raw,13,1.7,0.0,2.0,0.4,0.071,0.3,0.0,Beverage
scallop squash raw,23,5.0,3.1,1.6,1.6,0.075,0.3,0.0,Vegetable
kale cooked,42,6.3,1.4,3.5,4.7,0.018,1.4,0.0,Vegetable
mustard cabbage,36,7.2,1.8,1.4,4.0,0.9,0.1,0.0,Vegetable
butternut squash cooked,80,21.0,3.9,1.8,6.4,0.002,0.2,0.0,Dairy
peas carrots cooked,77,16.2,7.0,4.9,5.0,0.5,0.7,0.0,Vegetable
romaine lettuce,8,1.5,0.6,0.6,1.0,0.083,0.1,0.0,Vegetable
prairie turnips raw,20,4.5,0.1,0.3,1.0,0.059,0.029,0.0,Vegetable
savoy cabbage raw,19,4.3,1.6,1.4,2.2,0.007,0.017,0.0,Vegetable
celery raw,6,1.2,0.5,0.3,0.6,0.019,0.045,0.0,Vegetable
mustard spinach raw,33,5.9,0.0,3.3,4.2,0.025,0.5,0.0,Vegetable
zucchini raw,44,8.1,6.5,3.1,2.6,0.023,0.8,0.0,Vegetable
okra cooked,35,7.2,3.8,3.0,4.0,0.4,0.3,0.0,Vegetable
white icicle radish,14,2.6,0.0,1.1,1.4,0.049,0.1,0.0,Vegetable
orange tomato,18,3.5,0.0,1.3,1.0,0.001,0.2,0.0,Vegetable
pumpkin leaves raw,7,0.9,0.0,1.2,0.0,0.057,0.2,0.0,Vegetable
spaghetti squash cooked,42,10.0,3.9,1.0,2.2,0.4,0.4,0.0,Vegetable
white corn cooked,100,22.4,8.0,3.4,2.8,0.082,1.5,0.0,Vegetable
string beans wellsley farms,8,1.7,0.3,0.3,0.087,0.0,0.0,1.0,Vegetable
lambs quarters cooked,58,9.0,1.1,5.8,3.8,0.5,1.3,0.0,Protein
peas cooked,134,25.0,9.5,8.6,8.8,0.074,0.4,0.0,Vegetable
green lettuce,23,4.3,1.2,2.0,2.0,0.05,0.2,0.0,Vegetable
prairie turnips boiled,18,4.2,0.7,0.2,1.0,0.012,0.086,0.0,Vegetable
broccoli raab cooked,21,2.7,0.5,3.3,2.4,0.077,0.4,0.0,Vegetable
summer squash cooked,49,9.9,6.4,2.7,2.9,0.036,1.0,0.0,Vegetable
spring onion scallions,6,1.5,0.5,0.4,0.5,0.048,0.077,0.0,Vegetable
hubbard squash cooked,57,12.3,5.6,2.8,5.5,0.5,0.7,0.0,Vegetable
jalapeno pepper,4,0.9,0.6,0.1,0.4,0.028,0.002,0.0,Vegetable
new zealand spinach cooked,22,3.8,0.5,2.3,2.5,0.6,0.3,0.0,Vegetable
chinese cabbage pe tsai cooked,17,2.9,0.0,1.8,2.0,0.3,0.2,0.0,Vegetable
zucchini cooked,27,4.8,3.1,2.1,1.8,0.077,0.6,0.0,Vegetable
grape leaves,13,2.4,0.9,0.8,1.5,0.005,0.3,0.0,Fruit
dill pickled cucumber,17,3.7,1.9,0.9,1.6,1.3,0.2,0.0,Vegetable
skunk cabbage,11,1.8,0.0,1.5,1.2,0.016,0.1,0.0,Vegetable
banana pepper,9,1.8,0.6,0.5,1.1,0.039,0.1,0.0,Vegetable
oriental radish raw,61,13.9,8.5,2.0,5.4,0.014,0.3,0.0,Vegetable
swamp cabbage,20,3.6,0.0,2.0,1.9,0.4,0.2,0.0,Vegetable
onion cooked,7,1.5,0.7,0.2,0.2,0.04,0.034,0.0,Vegetable
peas raw,117,21.0,8.2,7.9,7.4,0.017,0.6,0.0,Vegetable
cabbage cooked,35,8.3,4.2,1.9,2.9,0.011,0.019,0.0,Vegetable
split peas cooked,227,40.2,5.7,16.3,16.3,0.5,0.8,0.0,Vegetable
sweet corn yellow,58,14.2,2.6,4.1,1.5,0.05,0.4,0.0,Vegetable
asparagus raw,2,0.5,0.2,0.3,0.3,0.047,0.037,0.0,Vegetable
chinese cabbage pak choi raw,9,1.5,0.8,1.1,0.7,0.087,0.1,0.0,Vegetable
green chili pepper,18,4.3,2.3,0.9,0.7,0.023,0.097,0.0,Vegetable
tomato stewed,97,16.1,0.0,2.4,2.1,0.6,3.3,0.0,Vegetable
sweet green peppers cooked,19,4.5,2.3,0.7,0.9,0.2,0.1,0.0,Vegetable
white corn raw,143,31.6,5.3,5.3,4.5,0.088,2.0,0.0,Vegetable
jalapeno peppers canned,37,6.4,2.9,1.3,3.5,2.3,1.3,0.0,Vegetable
pumpkin canned,83,19.8,8.1,2.7,7.1,0.6,0.7,0.0,Vegetable
peas onions canned,61,10.3,0.0,3.9,2.8,0.5,0.5,0.0,Vegetable
tomato puree canned,95,22.5,12.1,4.1,4.8,0.002,0.5,0.0,Vegetable
dried tomatoes canned in oil,6,0.7,0.0,0.2,0.2,0.056,0.4,0.0,Vegetable
red peppers canned,15,3.7,2.4,0.7,0.9,0.9,0.058,0.0,Vegetable
carrots canned,104,24.4,11.2,2.6,8.2,0.2,0.6,0.0,Vegetable
tomatoes in tomato juice canned,41,9.6,5.7,1.9,2.4,0.3,0.3,0.0,Vegetable
asparagus canned,62,10.2,4.1,7.4,4.1,0.1,0.7,0.0,Vegetable
sweet red peppers canned,25,5.5,0.0,1.1,1.7,1.9,0.4,0.0,Vegetable
onions canned,12,2.5,1.4,0.5,0.8,0.2,0.084,0.0,Vegetable
turnip greens canned,27,4.0,0.6,2.0,1.9,0.082,0.4,0.0,Vegetable
spinach canned,44,6.8,0.0,4.9,3.7,0.7,0.9,0.0,Vegetable
corn canned,49,11.1,3.3,1.6,1.4,0.2,0.6,0.0,Vegetable
peas carrots canned,97,21.6,7.2,5.5,8.4,0.7,0.7,0.0,Vegetable
crookneck squash canned,27,6.2,2.5,1.3,2.9,0.006,0.1,0.0,Vegetable
tomatoes canned,77,17.6,10.6,4.0,4.6,0.3,0.7,0.0,Vegetable
sweet green peppers canned,25,5.5,0.0,1.1,1.7,1.9,0.4,0.0,Vegetable
peas canned,57,9.5,0.0,3.5,0.0,0.2,0.8,0.0,Vegetable
chili peppers canned,29,6.4,0.0,1.0,2.4,0.6,0.4,0.0,Vegetable
green peppers canned,15,3.7,2.3,0.7,0.9,0.9,0.074,0.0,Vegetable
grape leaves canned,20,3.3,0.0,1.2,2.8,0.8,0.6,0.0,Fruit
stewed tomatoes canned,66,15.8,9.0,2.3,2.6,0.6,0.5,0.0,Vegetable
tomato paste canned,215,49.5,31.9,11.3,10.7,2.1,1.2,0.0,Vegetable
bacon ranch salad mcdonalds,389,19.4,4.9,28.1,3.2,0.9,20.1,70.2,Protein
caesar salad with grilled chicken mcdonalds,201,11.3,4.8,29.1,3.3,0.6,5.6,71.0,Protein
vegetable salad with chicken,70,2.5,0.0,11.6,0.0,0.1,1.5,47.9,Protein
iceberg lettuce,8,1.7,1.1,0.5,0.7,0.022,0.045,0.0,Vegetable
cornsalad,12,2.0,0.0,1.1,0.0,0.067,0.2,0.0,Vegetable
potato salad with egg,393,40.5,12.4,4.9,3.3,0.8,23.5,42.5,Protein
caesar salad with crispy chicken mcdonalds,349,19.2,4.5,25.7,3.4,0.7,16.4,55.6,Protein
grape apple salad with walnuts,191,25.6,20.3,3.5,3.6,0.087,8.2,1.6,Fruit
vegetable salad with cheese egg,68,3.2,0.0,5.8,0.0,0.044,3.9,65.1,Dairy
vegetable salad with shrimp,71,4.4,0.0,9.7,0.0,0.3,1.7,119.5,Protein
